id,lost_date,stock_code,lost_qty,lost_profit
1,2015-01-08,EGG-CHI,3,191.88
2,2015-01-11,BAK-BRE,53,623.67
3,2015-01-11,EGG-FIS,2,192.85
4,2015-01-11,EGG-MUT,7,1475.05
5,2015-01-12,FRU-FRE,56,936.49
6,2015-01-12,BAK-BRE,27,317.72
7,2015-01-13,BAK-CAK,3,253.64
8,2015-01-13,EGG-CHI,8,511.69
9,2015-01-19,BAK-BRE,49,576.60
10,2015-01-19,FRU-ORG,7,208.50
11,2015-01-20,BAK-CAK,9,760.92
12,2015-01-20,BAK-BRE,40,470.70
13,2015-01-20,FRU-ORG,13,387.21
14,2015-01-20,EGG-MUT,3,632.16
15,2015-01-30,FRU-FRE,47,785.98
16,2015-01-30,FRU-ORG,32,953.14
17,2015-02-03,EGG-FIS,5,482.12
18,2015-02-06,BAK-BRE,46,541.30
19,2015-02-08,FRU-FRE,30,501.69
20,2015-02-09,BAK-CAK,3,253.64
21,2015-02-09,EGG-CHI,6,383.77
22,2015-02-10,FRU-FRE,17,284.29
23,2015-02-10,FRU-ORG,28,834.00
24,2015-02-10,EGG-MUT,4,842.88
25,2015-02-11,FRU-FRE,20,334.46
26,2015-02-11,BAK-BRE,19,223.58
27,2015-02-11,FRU-ORG,20,595.71
28,2015-02-12,FRU-FRE,74,1237.51
29,2015-02-12,BAK-BRE,52,611.90
30,2015-02-14,EGG-FIS,2,192.85
31,2015-02-20,FRU-ORG,12,357.43
32,2015-03-01,BAK-BRE,19,223.58
33,2015-03-03,FRU-FRE,34,568.58
34,2015-03-03,EGG-CHI,6,383.77
35,2015-03-03,EGG-EGG,6,110.43
36,2015-03-03,EGG-MUT,5,1053.61
37,2015-03-04,EGG-EGG,30,552.17
38,2015-03-05,EGG-MUT,1,210.72
39,2015-03-08,BAK-CAK,8,676.37
40,2015-03-09,BAK-CAK,5,422.73
41,2015-03-10,FRU-FRE,8,133.78
42,2015-03-10,EGG-CHI,24,1535.08
43,2015-03-11,BAK-BRE,80,941.39
44,2015-03-12,BAK-BRE,42,494.23
45,2015-03-14,FRU-FRE,30,501.69
46,2015-03-14,EGG-CHI,7,447.73
47,2015-03-14,EGG-FIS,4,385.69
48,2015-03-17,BAK-CAK,7,591.83
49,2015-03-17,EGG-CHI,2,127.92
50,2015-03-17,FRU-ORG,25,744.64
51,2015-03-17,EGG-FIS,7,674.96
52,2015-03-17,BAK-BIS,38,287.18
53,2015-03-17,EGG-MUT,1,210.72
54,2015-03-18,BAK-CAK,4,338.19
55,2015-03-18,FRU-ORG,8,238.28
56,2015-03-19,FRU-FRE,20,334.46
57,2015-03-19,BAK-CAK,9,760.92
58,2015-03-19,BAK-BIS,17,128.48
59,2015-03-21,FRU-FRE,34,568.58
60,2015-03-21,SNA-CHO,19,502.42
61,2015-03-21,BAK-BRE,75,882.55
62,2015-03-22,FRU-FRE,16,267.57
63,2015-03-22,BAK-CAK,4,338.19
64,2015-03-23,BEV-SOF,44,447.72
65,2015-03-24,EGG-MUT,2,421.44
66,2015-03-26,FRU-FRE,5,83.62
67,2015-03-28,FRU-FRE,23,384.63
68,2015-03-28,EGG-CHI,4,255.85
69,2015-03-30,BAK-CAK,7,591.83
70,2015-03-31,FRU-FRE,9,150.51
71,2015-03-31,OIL-MAS,1,92.06
72,2015-04-01,BAK-CAK,6,507.28
73,2015-04-02,BAK-BRE,11,129.44
74,2015-04-04,OIL-MAS,5,460.28
75,2015-04-04,FRU-ORG,10,297.86
76,2015-04-05,OIL-MAS,5,460.28
77,2015-04-05,EGG-FIS,2,192.85
78,2015-04-06,BAK-CAK,7,591.83
79,2015-04-06,BAK-BRE,18,211.81
80,2015-04-07,FOO-ATT,50,543.73
81,2015-04-08,EGG-CHI,4,255.85
82,2015-04-08,FRU-ORG,14,417.00
83,2015-04-08,EGG-MUT,2,421.44
84,2015-04-11,FRU-FRE,58,969.94
85,2015-04-11,BAK-CAK,8,676.37
86,2015-04-11,BAK-BRE,24,282.42
87,2015-04-11,EGG-MUT,2,421.44
88,2015-04-13,EGG-CHI,4,255.85
89,2015-04-13,FRU-ORG,22,655.28
90,2015-04-13,EGG-FIS,5,482.12
91,2015-04-15,EGG-MUT,3,632.16
92,2015-04-18,BAK-CAK,4,338.19
93,2015-04-18,EGG-EGG,33,607.39
94,2015-04-19,BAK-BRE,87,1023.76
95,2015-04-20,FRU-ORG,11,327.64
96,2015-04-25,EGG-CHI,12,767.54
97,2015-04-25,EGG-FIS,5,482.12
98,2015-04-29,EGG-CHI,5,319.81
99,2015-05-01,EGG-FIS,2,192.85
100,2015-05-03,EGG-MUT,2,421.44
101,2015-05-04,FRU-ORG,8,238.28
102,2015-05-04,EGG-FIS,5,482.12
103,2015-05-04,FOO-ORG,5,148.99
104,2015-05-05,EGG-FIS,3,289.27
105,2015-05-07,BAK-CAK,7,591.83
106,2015-05-08,FRU-FRE,17,284.29
107,2015-05-08,EGG-EGG,34,625.80
108,2015-05-10,BAK-BRE,23,270.65
109,2015-05-11,FRU-FRE,44,735.81
110,2015-05-11,BAK-CAK,6,507.28
111,2015-05-11,EGG-FIS,11,1060.66
112,2015-05-12,FRU-FRE,50,836.15
113,2015-05-12,BAK-CAK,4,338.19
114,2015-05-12,EGG-MUT,2,421.44
115,2015-05-13,EGG-MUT,4,842.88
116,2015-05-20,FRU-ORG,30,893.57
117,2015-05-21,EGG-CHI,5,319.81
118,2015-05-21,BAK-BRE,11,129.44
119,2015-05-21,FOO-ORG,1,29.80
120,2015-05-25,BAK-CAK,3,253.64
121,2015-05-26,FRU-ORG,10,297.86
122,2015-05-26,SNA-COO,4,125.24
123,2015-05-26,EGG-FIS,6,578.54
124,2015-05-27,FRU-FRE,25,418.08
125,2015-05-27,EGG-MUT,2,421.44
126,2015-05-28,FRU-FRE,10,167.23
127,2015-05-30,FRU-FRE,20,334.46
128,2015-06-01,FRU-ORG,3,89.36
129,2015-06-01,EGG-FIS,3,289.27
130,2015-06-02,EGG-CHI,10,639.62
131,2015-06-02,FRU-ORG,24,714.85
132,2015-06-02,EGG-MUT,2,421.44
133,2015-06-04,FRU-FRE,37,618.75
134,2015-06-04,EGG-MUT,1,210.72
135,2015-06-06,FRU-FRE,81,1354.57
136,2015-06-06,BAK-CAK,6,507.28
137,2015-06-07,EGG-FIS,7,674.96
138,2015-06-08,EGG-CHI,10,639.62
139,2015-06-09,FRU-ORG,29,863.78
140,2015-06-10,BAK-CAK,7,591.83
141,2015-06-10,EGG-MUT,1,210.72
142,2015-06-12,FRU-FRE,4,66.89
143,2015-06-12,FRU-ORG,32,953.14
144,2015-06-16,EGG-EGG,23,423.33
145,2015-06-17,EGG-FIS,17,1639.20
146,2015-06-17,EGG-EGG,27,496.96
147,2015-06-18,EGG-EGG,15,276.09
148,2015-06-20,BAK-BRE,41,482.46
149,2015-06-21,BAK-CAK,5,422.73
150,2015-06-21,EGG-CHI,4,255.85
151,2015-06-21,BAK-BRE,44,517.76
152,2015-06-21,FRU-ORG,27,804.21
153,2015-06-21,EGG-FIS,3,289.27
154,2015-06-21,EGG-EGG,28,515.36
155,2015-06-21,EGG-MUT,1,210.72
156,2015-06-22,BAK-CAK,4,338.19
157,2015-06-22,EGG-CHI,3,191.88
158,2015-06-22,FRU-ORG,10,297.86
159,2015-06-23,FRU-FRE,51,852.88
160,2015-06-24,FRU-FRE,50,836.15
161,2015-06-25,EGG-FIS,6,578.54
162,2015-06-28,BAK-BRE,46,541.30
163,2015-06-30,BAK-CAK,6,507.28
164,2015-06-30,EGG-FIS,5,482.12
165,2015-07-01,EGG-CHI,8,511.69
166,2015-07-05,EGG-CHI,4,255.85
167,2015-07-07,EGG-FIS,2,192.85
168,2015-07-07,EGG-MUT,2,421.44
169,2015-07-09,EGG-CHI,5,319.81
170,2015-07-09,EGG-FIS,1,96.42
171,2015-07-11,BEV-SOF,53,539.30
172,2015-07-11,EGG-CHI,9,575.65
173,2015-07-11,EGG-FIS,8,771.39
174,2015-07-12,BEV-SOF,13,132.28
175,2015-07-12,EGG-EGG,9,165.65
176,2015-07-14,FRU-ORG,7,208.50
177,2015-07-14,FOO-DAL,5,142.28
178,2015-07-15,FRU-FRE,47,785.98
179,2015-07-18,BAK-BRE,40,470.70
180,2015-07-20,FRU-FRE,20,334.46
181,2015-07-20,BAK-CAK,15,1268.20
182,2015-07-20,BAK-BRE,30,353.02
183,2015-07-20,EGG-FIS,3,289.27
184,2015-07-21,BAK-BRE,28,329.49
185,2015-07-22,FRU-FRE,58,969.94
186,2015-07-22,BAK-CAK,2,169.09
187,2015-07-22,EGG-EGG,10,184.06
188,2015-07-23,EGG-MUT,3,632.16
189,2015-07-25,FRU-ORG,4,119.14
190,2015-07-26,BAK-CAK,6,507.28
191,2015-07-26,EGG-MUT,3,632.16
192,2015-07-27,SNA-COO,17,532.25
193,2015-08-07,FRU-FRE,49,819.43
194,2015-08-07,FRU-ORG,16,476.57
195,2015-08-08,BAK-CAK,4,338.19
196,2015-08-08,FRU-ORG,28,834.00
197,2015-08-09,OIL-EDI,6,257.63
198,2015-08-09,EGG-CHI,5,319.81
199,2015-08-09,FRU-ORG,74,2204.14
200,2015-08-09,EGG-MUT,7,1475.05
201,2015-08-10,EGG-CHI,8,511.69
202,2015-08-10,BAK-BRE,29,341.25
203,2015-08-12,OIL-SPI,1,117.37
204,2015-08-12,BAK-CAK,8,676.37
205,2015-08-12,EGG-CHI,6,383.77
206,2015-08-12,BAK-BRE,46,541.30
207,2015-08-12,EGG-FIS,4,385.69
208,2015-08-17,FRU-FRE,22,367.91
209,2015-08-19,FRU-FRE,6,100.34
210,2015-08-23,BAK-CAK,1,84.55
211,2015-08-23,BAK-BRE,63,741.35
212,2015-08-25,FRU-FRE,28,468.25
213,2015-08-25,BAK-BRE,28,329.49
214,2015-08-25,FRU-ORG,24,714.85
215,2015-08-26,FRU-FRE,16,267.57
216,2015-08-26,BAK-CAK,7,591.83
217,2015-08-26,BAK-BRE,35,411.86
218,2015-08-27,EGG-MUT,2,421.44
219,2015-08-29,BAK-CAK,5,422.73
220,2015-08-30,BAK-CAK,7,591.83
221,2015-09-05,FRU-ORG,13,387.21
222,2015-09-05,EGG-FIS,4,385.69
223,2015-09-06,FRU-FRE,55,919.77
224,2015-09-06,BAK-CAK,13,1099.11
225,2015-09-06,EGG-MUT,2,421.44
226,2015-09-07,FRU-FRE,23,384.63
227,2015-09-07,FOO-ORG,8,238.38
228,2015-09-08,FRU-FRE,96,1605.41
229,2015-09-08,BAK-BRE,17,200.05
230,2015-09-08,EGG-MUT,5,1053.61
231,2015-09-09,EGG-CHI,11,703.58
232,2015-09-09,BAK-BRE,47,553.07
233,2015-09-11,BAK-BRE,66,776.65
234,2015-09-11,EGG-FIS,6,578.54
235,2015-09-12,FRU-FRE,39,652.20
236,2015-09-12,EGG-MUT,1,210.72
237,2015-09-13,FRU-FRE,11,183.95
238,2015-09-13,BAK-CAK,7,591.83
239,2015-09-13,BAK-BRE,15,176.51
240,2015-09-13,FRU-ORG,23,685.07
241,2015-09-13,EGG-FIS,2,192.85
242,2015-09-13,FOO-ATT,91,989.59
243,2015-09-14,FRU-FRE,93,1555.25
244,2015-09-14,BAK-CAK,2,169.09
245,2015-09-14,EGG-CHI,4,255.85
246,2015-09-14,EGG-FIS,2,192.85
247,2015-09-14,EGG-MUT,2,421.44
248,2015-09-15,BEV-SOF,23,234.04
249,2015-09-15,EGG-MUT,2,421.44
250,2015-09-17,BEV-SOF,89,905.62
251,2015-09-17,FRU-ORG,20,595.71
252,2015-09-19,BEV-SOF,75,763.16
253,2015-09-19,BAK-CAK,2,169.09
254,2015-09-19,EGG-FIS,5,482.12
255,2015-09-20,BEV-SOF,39,396.84
256,2015-09-20,BAK-CAK,8,676.37
257,2015-09-20,EGG-FIS,8,771.39
258,2015-09-20,BAK-BIS,30,226.72
259,2015-09-20,EGG-MUT,3,632.16
260,2015-09-21,BEV-SOF,20,203.51
261,2015-09-21,BAK-CAK,3,253.64
262,2015-09-21,BAK-BRE,81,953.16
263,2015-09-21,FRU-ORG,37,1102.07
264,2015-09-21,BAK-BIS,162,1224.29
265,2015-09-21,EGG-MUT,2,421.44
266,2015-09-22,EGG-CHI,13,831.50
267,2015-09-22,OIL-MAS,1,92.06
268,2015-09-22,FRU-ORG,7,208.50
269,2015-09-23,EGG-CHI,9,575.65
270,2015-09-23,EGG-EGG,9,165.65
271,2015-09-25,FRU-FRE,22,367.91
272,2015-09-25,BAK-CAK,2,169.09
273,2015-09-25,EGG-FIS,4,385.69
274,2015-09-26,BAK-CAK,3,253.64
275,2015-09-26,EGG-EGG,13,239.27
276,2015-09-26,FOO-DAL,2,56.91
277,2015-09-27,BAK-BRE,35,411.86
278,2015-09-29,BAK-CAK,2,169.09
279,2015-09-29,EGG-CHI,10,639.62
280,2015-09-29,BAK-BRE,16,188.28
281,2015-09-29,FRU-ORG,4,119.14
282,2015-09-29,EGG-FIS,6,578.54
283,2015-09-30,FRU-ORG,8,238.28
284,2015-09-30,EGG-FIS,2,192.85
285,2015-10-01,EGG-FIS,4,385.69
286,2015-10-03,EGG-CHI,9,575.65
287,2015-10-05,EGG-CHI,10,639.62
288,2015-10-05,EGG-FIS,6,578.54
289,2015-10-05,EGG-MUT,1,210.72
290,2015-10-09,EGG-CHI,5,319.81
291,2015-10-09,FRU-ORG,7,208.50
292,2015-10-09,EGG-FIS,3,289.27
293,2015-10-10,FRU-FRE,6,100.34
294,2015-10-10,EGG-MUT,2,421.44
295,2015-10-11,FRU-FRE,73,1220.78
296,2015-10-11,FRU-ORG,31,923.35
297,2015-10-12,EGG-CHI,2,127.92
298,2015-10-12,FRU-ORG,25,744.64
299,2015-10-12,EGG-FIS,4,385.69
300,2015-10-13,FRU-FRE,21,351.18
301,2015-10-13,BAK-CAK,7,591.83
302,2015-10-13,EGG-CHI,5,319.81
303,2015-10-13,BAK-BRE,27,317.72
304,2015-10-13,EGG-FIS,2,192.85
305,2015-10-14,BAK-CAK,8,676.37
306,2015-10-14,EGG-FIS,2,192.85
307,2015-10-14,EGG-EGG,9,165.65
308,2015-10-15,BAK-BRE,25,294.18
309,2015-10-17,EGG-CHI,9,575.65
310,2015-10-19,FRU-FRE,33,551.86
311,2015-10-19,EGG-FIS,2,192.85
312,2015-10-19,EGG-MUT,1,210.72
313,2015-10-20,FRU-FRE,80,1337.85
314,2015-10-20,BAK-CAK,6,507.28
315,2015-10-20,FRU-ORG,20,595.71
316,2015-10-20,EGG-MUT,2,421.44
317,2015-10-21,BAK-BRE,32,376.56
318,2015-10-28,EGG-FIS,5,482.12
319,2015-10-31,FRU-FRE,9,150.51
320,2015-10-31,EGG-FIS,4,385.69
321,2015-10-31,EGG-MUT,2,421.44
322,2015-11-02,EGG-CHI,5,319.81
323,2015-11-02,BAK-BRE,64,753.11
324,2015-11-02,EGG-FIS,12,1157.08
325,2015-11-03,BAK-CAK,9,760.92
326,2015-11-03,BAK-BRE,26,305.95
327,2015-11-03,FRU-ORG,31,923.35
328,2015-11-03,EGG-FIS,4,385.69
329,2015-11-04,BAK-BRE,30,353.02
330,2015-11-04,FRU-ORG,19,565.93
331,2015-11-04,EGG-FIS,4,385.69
332,2015-11-05,FRU-FRE,48,802.71
333,2015-11-05,SNA-CHO,20,528.86
334,2015-11-07,EGG-CHI,13,831.50
335,2015-11-07,BAK-BRE,31,364.79
336,2015-11-07,EGG-FIS,5,482.12
337,2015-11-08,BAK-CAK,8,676.37
338,2015-11-08,BAK-BRE,51,600.14
339,2015-11-10,BAK-CAK,2,169.09
340,2015-11-10,EGG-FIS,4,385.69
341,2015-11-11,BAK-CAK,12,1014.56
342,2015-11-11,EGG-FIS,4,385.69
343,2015-11-11,EGG-MUT,6,1264.33
344,2015-11-14,EGG-MUT,5,1053.61
345,2015-11-15,FRU-FRE,18,301.02
346,2015-11-15,BAK-BRE,70,823.72
347,2015-11-16,EGG-CHI,6,383.77
348,2015-11-17,FRU-FRE,33,551.86
349,2015-11-17,FRU-ORG,11,327.64
350,2015-11-17,EGG-FIS,2,192.85
351,2015-11-18,BEV-SOF,19,193.33
352,2015-11-18,FRU-FRE,29,484.97
353,2015-11-18,EGG-CHI,15,959.42
354,2015-11-18,EGG-FIS,3,289.27
355,2015-11-19,BEV-HEA,2,280.51
356,2015-11-19,OIL-EDI,7,300.57
357,2015-11-19,FRU-ORG,16,476.57
358,2015-11-19,EGG-FIS,6,578.54
359,2015-11-19,FOO-ORG,2,59.59
360,2015-11-20,OIL-EDI,13,558.21
361,2015-11-21,BEV-HEA,6,841.53
362,2015-11-21,BAK-CAK,4,338.19
363,2015-11-21,EGG-CHI,7,447.73
364,2015-11-22,BAK-BRE,46,541.30
365,2015-11-22,BAK-BIS,53,400.54
366,2015-11-23,BAK-CAK,4,338.19
367,2015-11-23,BAK-BRE,15,176.51
368,2015-11-23,EGG-FIS,3,289.27
369,2015-11-24,BAK-CAK,7,591.83
370,2015-11-24,EGG-CHI,15,959.42
371,2015-11-24,BAK-BRE,39,458.93
372,2015-11-24,FRU-ORG,51,1519.07
373,2015-11-24,EGG-FIS,7,674.96
374,2015-11-24,EGG-MUT,1,210.72
375,2015-11-25,BAK-CAK,6,507.28
376,2015-11-25,FRU-ORG,9,268.07
377,2015-11-26,SNA-COO,25,782.72
378,2015-11-28,FRU-FRE,32,535.14
379,2015-11-28,EGG-CHI,11,703.58
380,2015-11-28,SNA-COO,13,407.02
381,2015-11-28,FOO-ORG,26,774.73
382,2015-11-29,FRU-FRE,53,886.32
383,2015-11-30,FRU-FRE,13,217.40
384,2015-11-30,FOO-ATT,14,152.24
385,2015-12-04,BAK-BRE,23,270.65
386,2015-12-04,FRU-ORG,39,1161.64
387,2015-12-07,FRU-FRE,14,234.12
388,2015-12-07,BAK-CAK,10,845.47
389,2015-12-07,EGG-CHI,9,575.65
390,2015-12-08,FRU-FRE,82,1371.29
391,2015-12-08,BAK-CAK,11,930.01
392,2015-12-08,BAK-BRE,22,258.88
393,2015-12-09,EGG-CHI,5,319.81
394,2015-12-11,BAK-BRE,14,164.74
395,2015-12-11,FRU-ORG,65,1936.06
396,2015-12-11,EGG-FIS,4,385.69
397,2015-12-12,EGG-CHI,9,575.65
398,2015-12-12,FRU-ORG,47,1399.92
399,2015-12-13,FOO-ATT,27,293.62
400,2015-12-14,FRU-FRE,14,234.12
401,2015-12-14,BAK-CAK,4,338.19
402,2015-12-14,EGG-FIS,7,674.96
403,2015-12-14,EGG-MUT,3,632.16
404,2015-12-15,FRU-FRE,27,451.52
405,2015-12-16,FRU-FRE,20,334.46
406,2015-12-16,EGG-CHI,6,383.77
407,2015-12-16,BAK-BRE,79,929.62
408,2015-12-16,SNA-COO,15,469.63
409,2015-12-16,FOO-DAL,11,313.02
410,2015-12-19,EGG-CHI,3,191.88
411,2015-12-19,BAK-BRE,48,564.83
412,2015-12-19,FOO-DAL,20,569.12
413,2015-12-19,EGG-MUT,3,632.16
414,2015-12-20,BAK-CAK,7,591.83
415,2015-12-20,EGG-CHI,10,639.62
416,2015-12-20,BAK-BRE,68,800.18
417,2015-12-20,FRU-ORG,24,714.85
418,2015-12-20,EGG-MUT,5,1053.61
419,2015-12-22,FRU-ORG,12,357.43
420,2015-12-23,EGG-CHI,5,319.81
421,2015-12-23,EGG-MUT,4,842.88
422,2015-12-24,BAK-CAK,15,1268.20
423,2015-12-24,BAK-BRE,106,1247.34
424,2015-12-26,OIL-EDI,4,171.76
425,2015-12-26,BAK-BRE,21,247.12
426,2015-12-26,EGG-MUT,4,842.88
427,2015-12-27,OIL-EDI,13,558.21
428,2015-12-27,EGG-CHI,17,1087.35
429,2015-12-28,OIL-EDI,5,214.69
430,2015-12-28,FRU-FRE,66,1103.72
431,2015-12-29,FRU-FRE,39,652.20
432,2015-12-29,EGG-CHI,10,639.62
433,2015-12-29,EGG-FIS,3,289.27
434,2015-12-30,FRU-FRE,35,585.31
435,2015-12-30,EGG-CHI,6,383.77
436,2015-12-31,BAK-CAK,6,507.28
437,2015-12-31,OIL-MAS,6,552.34
438,2015-12-31,BAK-BRE,55,647.21
439,2015-12-31,FRU-ORG,38,1131.85
440,2015-12-31,BAK-BIS,48,362.75
441,2015-12-31,EGG-MUT,1,210.72
442,2016-01-03,EGG-CHI,7,447.73
443,2016-01-05,FRU-FRE,49,819.43
444,2016-01-05,BAK-CAK,6,507.28
445,2016-01-05,EGG-CHI,2,127.92
446,2016-01-06,FRU-FRE,34,568.58
447,2016-01-09,FRU-ORG,15,446.78
448,2016-01-11,BAK-BRE,64,753.11
449,2016-01-12,FRU-FRE,51,852.88
450,2016-01-12,BAK-CAK,7,591.83
451,2016-01-12,EGG-CHI,6,383.77
452,2016-01-12,BAK-BRE,29,341.25
453,2016-01-12,EGG-MUT,2,421.44
454,2016-01-23,FRU-FRE,48,802.71
455,2016-01-31,FRU-FRE,25,418.08
456,2016-02-01,FRU-FRE,49,819.43
457,2016-02-03,FRU-ORG,14,417.00
458,2016-02-04,BAK-CAK,7,591.83
459,2016-02-04,FRU-ORG,4,119.14
460,2016-02-05,BAK-CAK,3,253.64
461,2016-02-07,FRU-FRE,76,1270.95
462,2016-02-07,EGG-CHI,10,639.62
463,2016-02-07,EGG-FIS,2,192.85
464,2016-02-07,EGG-MUT,5,1053.61
465,2016-02-08,FRU-FRE,38,635.48
466,2016-02-10,BEV-HEA,1,140.25
467,2016-02-10,FRU-FRE,34,568.58
468,2016-02-10,EGG-CHI,11,703.58
469,2016-02-10,FRU-ORG,21,625.50
470,2016-02-11,BEV-HEA,3,420.76
471,2016-02-11,FRU-ORG,4,119.14
472,2016-02-14,FRU-ORG,27,804.21
473,2016-02-18,EGG-CHI,4,255.85
474,2016-03-01,EGG-MUT,1,210.72
475,2016-03-02,EGG-FIS,4,385.69
476,2016-03-05,FRU-FRE,49,819.43
477,2016-03-05,BAK-CAK,2,169.09
478,2016-03-05,BAK-BRE,51,600.14
479,2016-03-05,FRU-ORG,11,327.64
480,2016-03-07,BAK-BRE,41,482.46
481,2016-03-09,FRU-FRE,19,317.74
482,2016-03-09,BAK-CAK,6,507.28
483,2016-03-09,EGG-CHI,5,319.81
484,2016-03-09,BAK-BRE,35,411.86
485,2016-03-09,EGG-FIS,4,385.69
486,2016-03-10,FRU-ORG,16,476.57
487,2016-03-10,EGG-EGG,54,993.91
488,2016-03-11,BAK-BRE,39,458.93
489,2016-03-12,BEV-SOF,36,366.32
490,2016-03-15,BEV-SOF,43,437.55
491,2016-03-16,EGG-FIS,6,578.54
492,2016-03-19,FRU-FRE,5,83.62
493,2016-03-19,FRU-ORG,26,774.43
494,2016-03-19,EGG-FIS,4,385.69
495,2016-03-22,FRU-FRE,46,769.26
496,2016-03-22,EGG-CHI,8,511.69
497,2016-03-22,EGG-FIS,4,385.69
498,2016-03-22,EGG-EGG,1,18.41
499,2016-03-22,EGG-MUT,2,421.44
500,2016-03-23,FRU-FRE,27,451.52
501,2016-03-23,BAK-BRE,26,305.95
502,2016-03-23,FRU-ORG,28,834.00
503,2016-03-26,BAK-CAK,9,760.92
504,2016-03-28,FRU-ORG,29,863.78
505,2016-03-28,FOO-ATT,53,576.36
506,2016-03-29,FRU-FRE,7,117.06
507,2016-03-29,BAK-CAK,6,507.28
508,2016-03-29,BAK-BRE,9,105.91
509,2016-03-30,BAK-CAK,4,338.19
510,2016-03-30,BAK-BRE,49,576.60
511,2016-04-04,EGG-MUT,3,632.16
512,2016-04-06,FRU-FRE,22,367.91
513,2016-04-06,EGG-MUT,3,632.16
514,2016-04-09,FRU-FRE,7,117.06
515,2016-04-09,BAK-BRE,11,129.44
516,2016-04-10,BAK-CAK,1,84.55
517,2016-04-10,EGG-EGG,29,533.77
518,2016-04-12,BAK-CAK,6,507.28
519,2016-04-12,EGG-EGG,21,386.52
520,2016-04-12,EGG-MUT,1,210.72
521,2016-04-13,EGG-CHI,16,1023.39
522,2016-04-16,BEV-SOF,19,193.33
523,2016-04-16,FRU-FRE,48,802.71
524,2016-04-16,BAK-CAK,3,253.64
525,2016-04-16,BAK-BRE,33,388.32
526,2016-04-16,EGG-FIS,7,674.96
527,2016-04-16,BAK-BIS,41,309.85
528,2016-04-16,EGG-MUT,1,210.72
529,2016-04-17,FRU-ORG,4,119.14
530,2016-04-18,BEV-SOF,153,1556.85
531,2016-04-18,BAK-CAK,8,676.37
532,2016-04-18,EGG-FIS,4,385.69
533,2016-04-20,FRU-ORG,5,148.93
534,2016-04-20,EGG-FIS,5,482.12
535,2016-04-20,EGG-MUT,3,632.16
536,2016-04-25,BAK-CAK,13,1099.11
537,2016-04-26,EGG-CHI,5,319.81
538,2016-04-26,FRU-ORG,33,982.93
539,2016-04-26,EGG-FIS,5,482.12
540,2016-04-26,EGG-MUT,3,632.16
541,2016-04-27,FRU-FRE,25,418.08
542,2016-04-28,EGG-CHI,10,639.62
543,2016-04-28,FRU-ORG,26,774.43
544,2016-04-30,BAK-BRE,32,376.56
545,2016-05-01,BAK-BRE,19,223.58
546,2016-05-03,BEV-HEA,1,140.25
547,2016-05-03,EGG-CHI,5,319.81
548,2016-05-03,FRU-ORG,25,744.64
549,2016-05-03,EGG-EGG,5,92.03
550,2016-05-03,EGG-MUT,1,210.72
551,2016-05-04,BEV-HEA,1,140.25
552,2016-05-04,BAK-CAK,7,591.83
553,2016-05-04,FRU-ORG,26,774.43
554,2016-05-04,EGG-EGG,31,570.58
555,2016-05-07,BAK-CAK,7,591.83
556,2016-05-07,BAK-BRE,39,458.93
557,2016-05-08,EGG-CHI,6,383.77
558,2016-05-09,BAK-CAK,1,84.55
559,2016-05-09,EGG-CHI,5,319.81
560,2016-05-09,FRU-ORG,33,982.93
561,2016-05-09,EGG-MUT,3,632.16
562,2016-05-10,BAK-BRE,29,341.25
563,2016-05-11,EGG-CHI,4,255.85
564,2016-05-11,FRU-ORG,25,744.64
565,2016-05-11,EGG-FIS,3,289.27
566,2016-05-11,EGG-MUT,1,210.72
567,2016-05-12,FRU-ORG,5,148.93
568,2016-05-12,EGG-FIS,1,96.42
569,2016-05-14,EGG-CHI,9,575.65
570,2016-05-14,BAK-BIS,16,120.92
571,2016-05-17,BEV-SOF,9,91.58
572,2016-05-17,BAK-CAK,1,84.55
573,2016-05-20,FRU-ORG,6,178.71
574,2016-05-21,BAK-CAK,7,591.83
575,2016-05-22,EGG-MUT,2,421.44
576,2016-05-23,BAK-BRE,13,152.98
577,2016-05-25,FRU-FRE,24,401.35
578,2016-05-25,BAK-CAK,1,84.55
579,2016-05-25,EGG-FIS,3,289.27
580,2016-05-26,BAK-BRE,53,623.67
581,2016-05-26,EGG-FIS,1,96.42
582,2016-05-28,FRU-ORG,39,1161.64
583,2016-05-29,BAK-BRE,13,152.98
584,2016-05-29,FRU-ORG,8,238.28
585,2016-05-29,EGG-EGG,23,423.33
586,2016-05-30,FRU-ORG,6,178.71
587,2016-05-31,BEV-SOF,68,691.93
588,2016-05-31,FRU-FRE,32,535.14
589,2016-05-31,BAK-BRE,21,247.12
590,2016-06-01,BAK-CAK,6,507.28
591,2016-06-02,FRU-FRE,92,1538.52
592,2016-06-02,BAK-CAK,7,591.83
593,2016-06-02,EGG-CHI,8,511.69
594,2016-06-03,OIL-SPI,1,117.37
595,2016-06-04,EGG-CHI,9,575.65
596,2016-06-08,BAK-CAK,4,338.19
597,2016-06-08,EGG-CHI,2,127.92
598,2016-06-09,FRU-FRE,31,518.42
599,2016-06-09,BAK-CAK,3,253.64
600,2016-06-09,FRU-ORG,20,595.71
601,2016-06-09,EGG-FIS,5,482.12
602,2016-06-12,EGG-CHI,5,319.81
603,2016-06-12,EGG-MUT,2,421.44
604,2016-06-13,FRU-FRE,96,1605.41
605,2016-06-13,EGG-MUT,3,632.16
606,2016-06-14,SNA-COO,13,407.02
607,2016-06-18,BAK-CAK,9,760.92
608,2016-06-18,BAK-BRE,29,341.25
609,2016-06-18,FRU-ORG,2,59.57
610,2016-06-19,BAK-CAK,6,507.28
611,2016-06-19,FRU-ORG,18,536.14
612,2016-06-19,EGG-MUT,3,632.16
613,2016-06-20,FRU-FRE,17,284.29
614,2016-06-20,EGG-FIS,8,771.39
615,2016-06-22,EGG-EGG,28,515.36
616,2016-06-23,EGG-CHI,8,511.69
617,2016-06-23,EGG-MUT,2,421.44
618,2016-06-25,EGG-MUT,1,210.72
619,2016-06-26,BAK-BRE,34,400.09
620,2016-06-29,BAK-CAK,2,169.09
621,2016-06-29,EGG-FIS,3,289.27
622,2016-07-02,BAK-CAK,4,338.19
623,2016-07-02,EGG-MUT,2,421.44
624,2016-07-03,EGG-FIS,6,578.54
625,2016-07-04,BEV-HEA,3,420.76
626,2016-07-08,BAK-CAK,2,169.09
627,2016-07-08,BAK-BRE,51,600.14
628,2016-07-09,FRU-FRE,44,735.81
629,2016-07-09,BAK-CAK,4,338.19
630,2016-07-09,EGG-FIS,4,385.69
631,2016-07-09,FOO-ATT,29,315.36
632,2016-07-11,FRU-FRE,13,217.40
633,2016-07-11,FRU-ORG,45,1340.35
634,2016-07-11,EGG-FIS,4,385.69
635,2016-07-11,FOO-ATT,15,163.12
636,2016-07-12,BAK-BRE,18,211.81
637,2016-07-12,FRU-ORG,5,148.93
638,2016-07-12,EGG-FIS,7,674.96
639,2016-07-13,EGG-CHI,7,447.73
640,2016-07-16,EGG-EGG,17,312.90
641,2016-07-17,FRU-FRE,16,267.57
642,2016-07-18,BAK-CAK,2,169.09
643,2016-07-19,BAK-CAK,5,422.73
644,2016-07-20,BAK-BRE,50,588.37
645,2016-07-20,FRU-ORG,30,893.57
646,2016-07-20,EGG-MUT,2,421.44
647,2016-07-23,EGG-FIS,1,96.42
648,2016-07-24,EGG-MUT,3,632.16
649,2016-07-25,FRU-FRE,67,1120.45
650,2016-07-26,BEV-SOF,4,40.70
651,2016-07-26,FRU-FRE,28,468.25
652,2016-07-26,BAK-CAK,1,84.55
653,2016-07-30,FRU-ORG,16,476.57
654,2016-07-31,BAK-CAK,2,169.09
655,2016-07-31,FRU-ORG,8,238.28
656,2016-08-02,BAK-CAK,2,169.09
657,2016-08-02,EGG-FIS,2,192.85
658,2016-08-03,EGG-MUT,3,632.16
659,2016-08-05,BAK-BRE,30,353.02
660,2016-08-06,FRU-ORG,49,1459.49
661,2016-08-06,EGG-FIS,7,674.96
662,2016-08-08,EGG-CHI,2,127.92
663,2016-08-08,FRU-ORG,11,327.64
664,2016-08-11,FRU-FRE,13,217.40
665,2016-08-11,BAK-CAK,3,253.64
666,2016-08-11,EGG-CHI,20,1279.23
667,2016-08-11,EGG-EGG,17,312.90
668,2016-08-12,FOO-ORG,17,506.56
669,2016-08-13,BAK-BRE,45,529.53
670,2016-08-13,FOO-ORG,14,417.16
671,2016-08-15,FRU-ORG,15,446.78
672,2016-08-15,EGG-EGG,6,110.43
673,2016-08-16,FRU-ORG,6,178.71
674,2016-08-17,FRU-FRE,6,100.34
675,2016-08-21,BAK-CAK,13,1099.11
676,2016-08-21,EGG-MUT,3,632.16
677,2016-08-21,FOO-ATT,34,369.74
678,2016-08-23,BAK-CAK,5,422.73
679,2016-08-23,FOO-ORG,4,119.19
680,2016-08-23,FOO-ATT,41,445.86
681,2016-08-24,FRU-FRE,39,652.20
682,2016-08-24,BAK-CAK,9,760.92
683,2016-08-24,EGG-FIS,5,482.12
684,2016-08-24,EGG-MUT,2,421.44
685,2016-08-25,FOO-ORG,12,357.57
686,2016-08-25,FOO-ATT,44,478.48
687,2016-08-27,FRU-ORG,10,297.86
688,2016-08-27,FOO-ATT,34,369.74
689,2016-08-31,FRU-FRE,36,602.03
690,2016-09-03,BAK-BRE,34,400.09
691,2016-09-04,EGG-FIS,4,385.69
692,2016-09-06,BAK-CAK,13,1099.11
693,2016-09-07,BAK-CAK,5,422.73
694,2016-09-07,EGG-FIS,11,1060.66
695,2016-09-08,BEV-HEA,9,1262.29
696,2016-09-08,BAK-CAK,5,422.73
697,2016-09-08,BAK-BRE,141,1659.20
698,2016-09-08,EGG-MUT,1,210.72
699,2016-09-10,BEV-HEA,1,140.25
700,2016-09-10,FRU-FRE,14,234.12
701,2016-09-10,EGG-CHI,6,383.77
702,2016-09-10,BAK-BRE,42,494.23
703,2016-09-10,FRU-ORG,28,834.00
704,2016-09-11,BAK-BRE,12,141.21
705,2016-09-11,FRU-ORG,27,804.21
706,2016-09-11,EGG-FIS,11,1060.66
707,2016-09-12,BAK-BRE,18,211.81
708,2016-09-13,BAK-CAK,1,84.55
709,2016-09-13,FRU-ORG,19,565.93
710,2016-09-13,EGG-MUT,2,421.44
711,2016-09-14,BEV-SOF,4,40.70
712,2016-09-14,FRU-FRE,46,769.26
713,2016-09-14,BAK-CAK,5,422.73
714,2016-09-15,FRU-FRE,21,351.18
715,2016-09-15,EGG-CHI,12,767.54
716,2016-09-15,BAK-BIS,67,506.34
717,2016-09-17,FRU-FRE,9,150.51
718,2016-09-17,EGG-FIS,10,964.23
719,2016-09-17,BAK-BIS,106,801.08
720,2016-09-18,OIL-EDI,21,901.72
721,2016-09-18,FRU-FRE,18,301.02
722,2016-09-18,EGG-FIS,4,385.69
723,2016-09-18,EGG-MUT,3,632.16
724,2016-09-19,FRU-FRE,42,702.37
725,2016-09-19,EGG-CHI,17,1087.35
726,2016-09-19,FRU-ORG,31,923.35
727,2016-09-21,FRU-FRE,83,1388.01
728,2016-09-21,BAK-CAK,5,422.73
729,2016-09-21,BAK-BRE,100,1176.74
730,2016-09-21,FRU-ORG,6,178.71
731,2016-09-21,EGG-FIS,2,192.85
732,2016-09-22,EGG-CHI,8,511.69
733,2016-09-22,FRU-ORG,15,446.78
734,2016-09-24,BAK-BRE,76,894.32
735,2016-09-24,FRU-ORG,11,327.64
736,2016-09-24,EGG-FIS,5,482.12
737,2016-09-25,EGG-CHI,14,895.46
738,2016-09-25,BAK-BRE,48,564.83
739,2016-09-25,EGG-FIS,3,289.27
740,2016-09-26,OIL-SPI,2,234.73
741,2016-09-26,BAK-BIS,11,83.13
742,2016-09-26,EGG-MUT,3,632.16
743,2016-09-27,BEV-SOF,11,111.93
744,2016-09-27,OIL-SPI,5,586.83
745,2016-09-27,BAK-BIS,89,672.61
746,2016-09-28,FRU-FRE,47,785.98
747,2016-09-28,BAK-CAK,6,507.28
748,2016-09-28,EGG-FIS,6,578.54
749,2016-09-28,BAK-BIS,122,922.00
750,2016-10-01,EGG-FIS,3,289.27
751,2016-10-03,EGG-FIS,5,482.12
752,2016-10-04,FRU-FRE,12,200.68
753,2016-10-05,FRU-FRE,24,401.35
754,2016-10-05,EGG-MUT,3,632.16
755,2016-10-08,BAK-BRE,42,494.23
756,2016-10-09,FRU-ORG,16,476.57
757,2016-10-09,EGG-FIS,3,289.27
758,2016-10-09,EGG-MUT,2,421.44
759,2016-10-10,BAK-CAK,7,591.83
760,2016-10-11,BAK-CAK,7,591.83
761,2016-10-11,EGG-CHI,8,511.69
762,2016-10-11,EGG-EGG,5,92.03
763,2016-10-12,FRU-FRE,61,1020.11
764,2016-10-12,BAK-CAK,8,676.37
765,2016-10-12,FRU-ORG,37,1102.07
766,2016-10-12,EGG-FIS,4,385.69
767,2016-10-12,EGG-EGG,29,533.77
768,2016-10-12,EGG-MUT,3,632.16
769,2016-10-15,FRU-FRE,28,468.25
770,2016-10-15,EGG-EGG,23,423.33
771,2016-10-16,BAK-BRE,38,447.16
772,2016-10-18,EGG-CHI,8,511.69
773,2016-10-20,FRU-ORG,15,446.78
774,2016-10-22,FRU-ORG,15,446.78
775,2016-10-23,FRU-FRE,45,752.54
776,2016-10-25,EGG-CHI,9,575.65
777,2016-10-25,BAK-BIS,36,272.07
778,2016-10-26,EGG-FIS,7,674.96
779,2016-10-26,BAK-BIS,142,1073.15
780,2016-10-28,BAK-BRE,16,188.28
781,2016-10-30,EGG-FIS,6,578.54
782,2016-10-31,EGG-CHI,10,639.62
783,2016-10-31,FOO-DAL,5,142.28
784,2016-10-31,EGG-MUT,1,210.72
785,2016-11-04,BAK-BRE,53,623.67
786,2016-11-04,FOO-DAL,9,256.10
787,2016-11-06,EGG-CHI,6,383.77
788,2016-11-06,FRU-ORG,9,268.07
789,2016-11-06,EGG-FIS,7,674.96
790,2016-11-07,BAK-CAK,14,1183.65
791,2016-11-07,FRU-ORG,22,655.28
792,2016-11-07,EGG-FIS,7,674.96
793,2016-11-09,FRU-FRE,11,183.95
794,2016-11-09,EGG-MUT,2,421.44
795,2016-11-10,FRU-FRE,22,367.91
796,2016-11-12,BAK-CAK,7,591.83
797,2016-11-12,EGG-CHI,4,255.85
798,2016-11-12,BAK-BRE,12,141.21
799,2016-11-12,FOO-ATT,24,260.99
800,2016-11-13,FRU-FRE,18,301.02
801,2016-11-13,EGG-CHI,5,319.81
802,2016-11-13,BAK-BRE,155,1823.94
803,2016-11-13,EGG-MUT,1,210.72
804,2016-11-14,BEV-SOF,29,295.09
805,2016-11-14,BAK-CAK,6,507.28
806,2016-11-14,EGG-CHI,7,447.73
807,2016-11-14,OIL-MAS,4,368.23
808,2016-11-14,FRU-ORG,7,208.50
809,2016-11-15,BEV-SOF,75,763.16
810,2016-11-15,FRU-FRE,36,602.03
811,2016-11-15,EGG-CHI,6,383.77
812,2016-11-15,EGG-FIS,2,192.85
813,2016-11-15,EGG-MUT,2,421.44
814,2016-11-16,FRU-ORG,70,2084.99
815,2016-11-17,EGG-EGG,5,92.03
816,2016-11-17,BAK-BIS,199,1503.92
817,2016-11-19,BAK-BRE,45,529.53
818,2016-11-20,BEV-SOF,60,610.53
819,2016-11-20,FRU-FRE,16,267.57
820,2016-11-20,BAK-CAK,2,169.09
821,2016-11-20,BAK-BRE,90,1059.06
822,2016-11-20,FRU-ORG,7,208.50
823,2016-11-20,EGG-MUT,3,632.16
824,2016-11-21,BEV-HEA,3,420.76
825,2016-11-21,FRU-FRE,39,652.20
826,2016-11-21,BAK-CAK,3,253.64
827,2016-11-21,SNA-CHO,7,185.10
828,2016-11-21,EGG-CHI,8,511.69
829,2016-11-21,BAK-BRE,39,458.93
830,2016-11-21,FRU-ORG,4,119.14
831,2016-11-22,SNA-CHO,26,687.52
832,2016-11-22,EGG-CHI,9,575.65
833,2016-11-22,FRU-ORG,36,1072.28
834,2016-11-22,EGG-EGG,14,257.68
835,2016-11-23,FRU-FRE,2,33.45
836,2016-11-23,EGG-CHI,6,383.77
837,2016-11-23,FRU-ORG,15,446.78
838,2016-11-24,FRU-FRE,19,317.74
839,2016-11-24,EGG-FIS,2,192.85
840,2016-11-24,EGG-EGG,19,349.71
841,2016-11-25,EGG-MUT,1,210.72
842,2016-11-27,FRU-FRE,32,535.14
843,2016-11-27,BAK-BRE,17,200.05
844,2016-11-27,SNA-COO,37,1158.43
845,2016-11-27,EGG-MUT,1,210.72
846,2016-11-28,BAK-CAK,8,676.37
847,2016-11-28,SNA-COO,11,344.40
848,2016-11-28,EGG-MUT,2,421.44
849,2016-11-29,BAK-BRE,66,776.65
850,2016-11-29,FRU-ORG,23,685.07
851,2016-11-29,EGG-EGG,15,276.09
852,2016-11-29,FOO-ORG,18,536.35
853,2016-11-30,FRU-FRE,4,66.89
854,2016-11-30,EGG-CHI,5,319.81
855,2016-11-30,FRU-ORG,12,357.43
856,2016-11-30,SNA-COO,20,626.18
857,2016-11-30,EGG-FIS,4,385.69
858,2016-11-30,EGG-EGG,13,239.27
859,2016-11-30,FOO-ORG,15,446.96
860,2016-12-01,BAK-CAK,2,169.09
861,2016-12-01,FRU-ORG,12,357.43
862,2016-12-01,EGG-MUT,1,210.72
863,2016-12-07,FRU-FRE,23,384.63
864,2016-12-07,BAK-CAK,5,422.73
865,2016-12-07,EGG-FIS,2,192.85
866,2016-12-09,EGG-CHI,4,255.85
867,2016-12-09,FRU-ORG,35,1042.50
868,2016-12-10,FRU-FRE,3,50.17
869,2016-12-10,BAK-CAK,3,253.64
870,2016-12-10,FRU-ORG,3,89.36
871,2016-12-10,EGG-MUT,3,632.16
872,2016-12-11,FRU-FRE,15,250.85
873,2016-12-11,BAK-CAK,11,930.01
874,2016-12-11,OIL-MAS,1,92.06
875,2016-12-11,BAK-BRE,39,458.93
876,2016-12-11,FRU-ORG,36,1072.28
877,2016-12-12,FRU-FRE,84,1404.74
878,2016-12-12,BAK-CAK,6,507.28
879,2016-12-12,OIL-MAS,7,644.40
880,2016-12-12,EGG-FIS,4,385.69
881,2016-12-13,FRU-FRE,34,568.58
882,2016-12-13,BAK-BRE,28,329.49
883,2016-12-13,FRU-ORG,13,387.21
884,2016-12-13,BAK-BIS,101,763.29
885,2016-12-14,FRU-FRE,21,351.18
886,2016-12-14,OIL-MAS,11,1012.62
887,2016-12-14,EGG-MUT,1,210.72
888,2016-12-15,OIL-MAS,1,92.06
889,2016-12-17,BAK-CAK,9,760.92
890,2016-12-17,BAK-BRE,33,388.32
891,2016-12-17,EGG-MUT,3,632.16
892,2016-12-18,EGG-CHI,10,639.62
893,2016-12-19,FRU-FRE,12,200.68
894,2016-12-19,EGG-CHI,1,63.96
895,2016-12-19,BAK-BRE,49,576.60
896,2016-12-19,FRU-ORG,16,476.57
897,2016-12-19,EGG-FIS,6,578.54
898,2016-12-19,FOO-DAL,16,455.30
899,2016-12-19,FOO-RIC,42,602.57
900,2016-12-20,EGG-CHI,12,767.54
901,2016-12-20,EGG-FIS,1,96.42
902,2016-12-21,FRU-ORG,15,446.78
903,2016-12-21,EGG-FIS,11,1060.66
904,2016-12-21,FOO-DAL,8,227.65
905,2016-12-21,FOO-RIC,67,961.24
906,2016-12-23,BAK-CAK,6,507.28
907,2016-12-24,FRU-FRE,74,1237.51
908,2016-12-24,EGG-FIS,8,771.39
909,2016-12-24,FOO-DAL,17,483.75
910,2016-12-25,FRU-FRE,55,919.77
911,2016-12-25,EGG-CHI,5,319.81
912,2016-12-26,EGG-CHI,4,255.85
913,2016-12-26,EGG-FIS,11,1060.66
914,2016-12-27,FRU-FRE,65,1087.00
915,2016-12-27,EGG-CHI,18,1151.31
916,2016-12-27,FRU-ORG,64,1906.28
917,2016-12-28,EGG-FIS,2,192.85
918,2016-12-29,EGG-MUT,1,210.72
919,2016-12-31,BEV-SOF,42,427.37
920,2016-12-31,BAK-CAK,10,845.47
921,2016-12-31,FRU-ORG,29,863.78
922,2016-12-31,SNA-COO,11,344.40
923,2017-01-02,BEV-SOF,33,335.79
924,2017-01-02,SNA-COO,10,313.09
925,2017-01-03,EGG-CHI,4,255.85
926,2017-01-03,EGG-FIS,3,289.27
927,2017-01-04,BEV-SOF,101,1027.72
928,2017-01-04,EGG-FIS,3,289.27
929,2017-01-04,EGG-MUT,3,632.16
930,2017-01-05,BEV-SOF,61,620.70
931,2017-01-05,FRU-ORG,11,327.64
932,2017-01-05,SNA-COO,14,438.32
933,2017-01-05,EGG-FIS,2,192.85
934,2017-01-07,FRU-FRE,13,217.40
935,2017-01-07,FOO-ORG,8,238.38
936,2017-01-08,BAK-CAK,4,338.19
937,2017-01-08,EGG-CHI,7,447.73
938,2017-01-09,FRU-FRE,127,2123.83
939,2017-01-09,BAK-CAK,5,422.73
940,2017-01-09,FRU-ORG,31,923.35
941,2017-01-09,EGG-FIS,2,192.85
942,2017-01-10,BAK-BRE,49,576.60
943,2017-01-12,BAK-CAK,5,422.73
944,2017-01-12,EGG-CHI,8,511.69
945,2017-01-12,EGG-EGG,39,717.82
946,2017-01-12,EGG-MUT,4,842.88
947,2017-01-14,FRU-FRE,35,585.31
948,2017-01-15,FRU-FRE,25,418.08
949,2017-01-15,FRU-ORG,19,565.93
950,2017-01-21,FRU-ORG,13,387.21
951,2017-01-22,BAK-CAK,5,422.73
952,2017-01-22,EGG-CHI,5,319.81
953,2017-01-22,FRU-ORG,13,387.21
954,2017-01-23,FRU-FRE,60,1003.38
955,2017-01-25,FRU-FRE,18,301.02
956,2017-01-30,EGG-CHI,7,447.73
957,2017-01-31,FRU-ORG,7,208.50
958,2017-01-31,EGG-MUT,1,210.72
959,2017-02-02,FRU-FRE,103,1722.48
960,2017-02-02,FRU-ORG,13,387.21
961,2017-02-05,OIL-EDI,4,171.76
962,2017-02-06,EGG-FIS,4,385.69
963,2017-02-07,BAK-BRE,7,82.37
964,2017-02-08,EGG-CHI,3,191.88
965,2017-02-08,FRU-ORG,12,357.43
966,2017-02-09,OIL-SPI,6,704.19
967,2017-02-09,BAK-CAK,17,1437.29
968,2017-02-09,BAK-BRE,48,564.83
969,2017-02-09,FRU-ORG,21,625.50
970,2017-02-09,EGG-MUT,7,1475.05
971,2017-02-10,OIL-SPI,8,938.92
972,2017-02-12,FRU-ORG,16,476.57
973,2017-02-12,EGG-FIS,5,482.12
974,2017-02-12,EGG-MUT,6,1264.33
975,2017-02-14,BAK-CAK,6,507.28
976,2017-02-16,BAK-CAK,5,422.73
977,2017-02-19,BAK-CAK,6,507.28
978,2017-02-20,BAK-BRE,23,270.65
979,2017-02-21,BAK-BRE,54,635.44
980,2017-02-22,EGG-FIS,2,192.85
981,2017-02-27,BAK-CAK,5,422.73
982,2017-02-28,EGG-EGG,31,570.58
983,2017-03-01,BAK-CAK,6,507.28
984,2017-03-03,EGG-CHI,2,127.92
985,2017-03-03,BAK-BRE,34,400.09
986,2017-03-03,FRU-ORG,6,178.71
987,2017-03-03,EGG-FIS,5,482.12
988,2017-03-05,FRU-FRE,13,217.40
989,2017-03-05,FRU-ORG,29,863.78
990,2017-03-07,FRU-FRE,22,367.91
991,2017-03-07,FRU-ORG,4,119.14
992,2017-03-08,FRU-FRE,5,83.62
993,2017-03-09,BAK-CAK,7,591.83
994,2017-03-09,BAK-BRE,94,1106.13
995,2017-03-10,BEV-SOF,9,91.58
996,2017-03-11,BEV-SOF,84,854.74
997,2017-03-11,OIL-MAS,11,1012.62
998,2017-03-11,BAK-BRE,49,576.60
999,2017-03-12,EGG-CHI,6,383.77
1000,2017-03-12,OIL-MAS,12,1104.68
1001,2017-03-12,EGG-FIS,3,289.27
1002,2017-03-12,FOO-ORG,15,446.96
1003,2017-03-12,EGG-MUT,2,421.44
1004,2017-03-13,FRU-FRE,35,585.31
1005,2017-03-13,BAK-CAK,6,507.28
1006,2017-03-13,SNA-CHO,18,475.98
1007,2017-03-13,OIL-MAS,3,276.17
1008,2017-03-13,FRU-ORG,14,417.00
1009,2017-03-13,FOO-ORG,31,923.72
1010,2017-03-13,EGG-MUT,1,210.72
1011,2017-03-14,SNA-CHO,7,185.10
1012,2017-03-15,BAK-CAK,6,507.28
1013,2017-03-17,FRU-ORG,6,178.71
1014,2017-03-19,EGG-EGG,2,36.81
1015,2017-03-20,FRU-FRE,55,919.77
1016,2017-03-20,BAK-CAK,5,422.73
1017,2017-03-20,FRU-ORG,22,655.28
1018,2017-03-21,BAK-CAK,3,253.64
1019,2017-03-21,BAK-BRE,48,564.83
1020,2017-03-25,BAK-BIS,6,45.34
1021,2017-03-26,FRU-ORG,21,625.50
1022,2017-03-27,BAK-CAK,8,676.37
1023,2017-03-28,EGG-MUT,2,421.44
1024,2017-03-29,FRU-FRE,66,1103.72
1025,2017-03-29,BAK-CAK,7,591.83
1026,2017-03-29,FRU-ORG,14,417.00
1027,2017-03-29,BAK-BIS,35,264.51
1028,2017-03-31,FOO-ATT,49,532.86
1029,2017-04-04,BAK-BRE,26,305.95
1030,2017-04-04,FRU-ORG,8,238.28
1031,2017-04-04,SNA-COO,3,93.93
1032,2017-04-06,BAK-CAK,3,253.64
1033,2017-04-06,FRU-ORG,21,625.50
1034,2017-04-06,SNA-COO,20,626.18
1035,2017-04-07,EGG-FIS,2,192.85
1036,2017-04-07,EGG-MUT,2,421.44
1037,2017-04-08,FRU-FRE,11,183.95
1038,2017-04-08,EGG-CHI,7,447.73
1039,2017-04-08,FRU-ORG,47,1399.92
1040,2017-04-09,BAK-CAK,11,930.01
1041,2017-04-09,OIL-MAS,2,184.11
1042,2017-04-09,BAK-BRE,31,364.79
1043,2017-04-09,EGG-MUT,2,421.44
1044,2017-04-10,EGG-CHI,5,319.81
1045,2017-04-10,EGG-MUT,2,421.44
1046,2017-04-11,FRU-FRE,94,1571.97
1047,2017-04-11,OIL-MAS,11,1012.62
1048,2017-04-11,BAK-BRE,120,1412.09
1049,2017-04-12,OIL-MAS,7,644.40
1050,2017-04-13,FRU-ORG,5,148.93
1051,2017-04-15,FRU-FRE,11,183.95
1052,2017-04-15,BAK-CAK,4,338.19
1053,2017-04-15,EGG-MUT,3,632.16
1054,2017-04-16,EGG-CHI,4,255.85
1055,2017-04-18,FRU-FRE,35,585.31
1056,2017-04-19,BEV-SOF,7,71.23
1057,2017-04-19,BAK-CAK,1,84.55
1058,2017-04-19,EGG-FIS,21,2024.89
1059,2017-04-21,BAK-BRE,20,235.35
1060,2017-04-23,FRU-FRE,62,1036.83
1061,2017-04-23,BAK-BRE,32,376.56
1062,2017-04-23,FRU-ORG,5,148.93
1063,2017-04-24,FRU-FRE,14,234.12
1064,2017-04-24,FRU-ORG,4,119.14
1065,2017-04-24,EGG-FIS,1,96.42
1066,2017-04-25,FRU-ORG,13,387.21
1067,2017-04-28,FRU-FRE,31,518.42
1068,2017-04-30,EGG-MUT,2,421.44
1069,2017-05-01,EGG-MUT,1,210.72
1070,2017-05-02,FRU-ORG,10,297.86
1071,2017-05-02,EGG-FIS,3,289.27
1072,2017-05-02,EGG-MUT,1,210.72
1073,2017-05-04,BAK-BRE,46,541.30
1074,2017-05-04,EGG-FIS,2,192.85
1075,2017-05-05,FRU-ORG,19,565.93
1076,2017-05-06,EGG-FIS,11,1060.66
1077,2017-05-09,FRU-FRE,53,886.32
1078,2017-05-09,EGG-CHI,17,1087.35
1079,2017-05-09,BAK-BRE,10,117.67
1080,2017-05-09,FRU-ORG,12,357.43
1081,2017-05-09,SNA-COO,19,594.87
1082,2017-05-09,EGG-MUT,1,210.72
1083,2017-05-11,BEV-SOF,89,905.62
1084,2017-05-11,OIL-EDI,15,644.08
1085,2017-05-11,BAK-CAK,3,253.64
1086,2017-05-11,OIL-MAS,4,368.23
1087,2017-05-12,BEV-SOF,43,437.55
1088,2017-05-12,BEV-HEA,2,280.51
1089,2017-05-12,OIL-EDI,5,214.69
1090,2017-05-12,FRU-FRE,45,752.54
1091,2017-05-12,FRU-ORG,10,297.86
1092,2017-05-12,EGG-FIS,6,578.54
1093,2017-05-12,EGG-MUT,2,421.44
1094,2017-05-14,BEV-HEA,8,1122.03
1095,2017-05-14,SNA-NOO,193,1264.56
1096,2017-05-14,EGG-MUT,3,632.16
1097,2017-05-15,BEV-HEA,1,140.25
1098,2017-05-15,SNA-COO,9,281.78
1099,2017-05-15,SNA-NOO,26,170.36
1100,2017-05-16,EGG-MUT,1,210.72
1101,2017-05-19,EGG-CHI,2,127.92
1102,2017-05-19,BAK-BRE,29,341.25
1103,2017-05-19,EGG-FIS,4,385.69
1104,2017-05-19,EGG-MUT,2,421.44
1105,2017-05-20,FRU-FRE,23,384.63
1106,2017-05-20,BAK-BRE,31,364.79
1107,2017-05-20,FRU-ORG,20,595.71
1108,2017-05-22,FRU-FRE,9,150.51
1109,2017-05-22,FRU-ORG,18,536.14
1110,2017-05-22,EGG-EGG,43,791.45
1111,2017-05-23,FRU-FRE,8,133.78
1112,2017-05-23,EGG-FIS,5,482.12
1113,2017-05-23,EGG-MUT,1,210.72
1114,2017-05-25,EGG-CHI,14,895.46
1115,2017-05-25,EGG-MUT,1,210.72
1116,2017-05-26,BAK-CAK,3,253.64
1117,2017-05-26,EGG-FIS,12,1157.08
1118,2017-05-26,EGG-MUT,2,421.44
1119,2017-05-29,FRU-ORG,4,119.14
1120,2017-05-29,EGG-FIS,6,578.54
1121,2017-05-30,FRU-FRE,35,585.31
1122,2017-05-30,FRU-ORG,33,982.93
1123,2017-05-30,EGG-FIS,8,771.39
1124,2017-05-30,EGG-EGG,4,73.62
1125,2017-05-30,FOO-ORG,10,297.97
1126,2017-05-30,EGG-MUT,3,632.16
1127,2017-05-31,FRU-FRE,14,234.12
1128,2017-05-31,EGG-CHI,7,447.73
1129,2017-05-31,BAK-BRE,19,223.58
1130,2017-06-02,BAK-BRE,18,211.81
1131,2017-06-03,EGG-MUT,2,421.44
1132,2017-06-03,FOO-ATT,4,43.50
1133,2017-06-05,BAK-CAK,5,422.73
1134,2017-06-05,FRU-ORG,16,476.57
1135,2017-06-06,FRU-FRE,19,317.74
1136,2017-06-06,EGG-CHI,15,959.42
1137,2017-06-06,FRU-ORG,9,268.07
1138,2017-06-06,EGG-FIS,3,289.27
1139,2017-06-12,FRU-FRE,25,418.08
1140,2017-06-12,BAK-CAK,6,507.28
1141,2017-06-12,FRU-ORG,10,297.86
1142,2017-06-14,FRU-FRE,23,384.63
1143,2017-06-14,BAK-BRE,36,423.63
1144,2017-06-15,BAK-BRE,34,400.09
1145,2017-06-16,EGG-MUT,2,421.44
1146,2017-06-17,EGG-FIS,3,289.27
1147,2017-06-17,FOO-DAL,8,227.65
1148,2017-06-17,EGG-MUT,6,1264.33
1149,2017-06-19,FRU-FRE,15,250.85
1150,2017-06-20,FRU-FRE,56,936.49
1151,2017-06-20,BAK-CAK,6,507.28
1152,2017-06-20,EGG-FIS,5,482.12
1153,2017-06-21,FRU-FRE,15,250.85
1154,2017-06-21,FRU-ORG,22,655.28
1155,2017-06-23,BAK-CAK,2,169.09
1156,2017-06-23,BAK-BRE,60,706.04
1157,2017-06-24,BAK-CAK,6,507.28
1158,2017-06-26,FRU-FRE,17,284.29
1159,2017-06-26,SNA-CHO,6,158.66
1160,2017-06-26,EGG-CHI,14,895.46
1161,2017-06-26,FRU-ORG,14,417.00
1162,2017-06-27,SNA-CHO,22,581.75
1163,2017-06-28,BEV-SOF,54,549.48
1164,2017-06-28,EGG-MUT,1,210.72
1165,2017-06-29,SNA-CHO,18,475.98
1166,2017-07-02,EGG-CHI,2,127.92
1167,2017-07-02,BAK-BRE,35,411.86
1168,2017-07-02,FRU-ORG,35,1042.50
1169,2017-07-04,EGG-FIS,10,964.23
1170,2017-07-05,FRU-FRE,23,384.63
1171,2017-07-05,BAK-CAK,11,930.01
1172,2017-07-06,FRU-FRE,48,802.71
1173,2017-07-07,FRU-FRE,61,1020.11
1174,2017-07-07,BAK-BRE,54,635.44
1175,2017-07-08,EGG-CHI,3,191.88
1176,2017-07-10,EGG-CHI,3,191.88
1177,2017-07-11,EGG-CHI,15,959.42
1178,2017-07-11,FRU-ORG,5,148.93
1179,2017-07-11,EGG-FIS,5,482.12
1180,2017-07-14,FRU-FRE,53,886.32
1181,2017-07-14,BAK-CAK,2,169.09
1182,2017-07-14,BAK-BRE,23,270.65
1183,2017-07-14,FRU-ORG,19,565.93
1184,2017-07-16,EGG-CHI,4,255.85
1185,2017-07-16,EGG-EGG,23,423.33
1186,2017-07-17,BAK-CAK,8,676.37
1187,2017-07-17,EGG-CHI,12,767.54
1188,2017-07-17,FRU-ORG,38,1131.85
1189,2017-07-18,BAK-CAK,8,676.37
1190,2017-07-18,EGG-CHI,9,575.65
1191,2017-07-18,EGG-FIS,4,385.69
1192,2017-07-19,FRU-ORG,4,119.14
1193,2017-07-21,BAK-CAK,9,760.92
1194,2017-07-21,EGG-FIS,5,482.12
1195,2017-07-22,BAK-CAK,4,338.19
1196,2017-07-22,FRU-ORG,42,1251.00
1197,2017-07-22,EGG-MUT,2,421.44
1198,2017-07-23,BAK-CAK,3,253.64
1199,2017-07-23,EGG-CHI,9,575.65
1200,2017-07-25,FRU-FRE,75,1254.23
1201,2017-07-25,FRU-ORG,27,804.21
1202,2017-07-25,EGG-MUT,2,421.44
1203,2017-07-28,BAK-CAK,5,422.73
1204,2017-07-29,FRU-FRE,76,1270.95
1205,2017-07-30,EGG-CHI,5,319.81
1206,2017-07-31,BAK-BRE,20,235.35
1207,2017-08-01,BAK-CAK,4,338.19
1208,2017-08-02,SNA-COO,1,31.31
1209,2017-08-03,FRU-FRE,40,668.92
1210,2017-08-03,BAK-BRE,53,623.67
1211,2017-08-03,EGG-FIS,6,578.54
1212,2017-08-04,FRU-FRE,99,1655.58
1213,2017-08-04,BAK-CAK,6,507.28
1214,2017-08-04,SNA-COO,40,1252.36
1215,2017-08-04,EGG-MUT,2,421.44
1216,2017-08-05,EGG-CHI,7,447.73
1217,2017-08-07,FRU-FRE,16,267.57
1218,2017-08-07,BAK-BRE,32,376.56
1219,2017-08-07,FRU-ORG,16,476.57
1220,2017-08-07,EGG-FIS,1,96.42
1221,2017-08-07,EGG-EGG,4,73.62
1222,2017-08-08,EGG-CHI,3,191.88
1223,2017-08-08,EGG-EGG,12,220.87
1224,2017-08-09,BAK-BRE,23,270.65
1225,2017-08-09,BAK-BIS,19,143.59
1226,2017-08-09,EGG-MUT,1,210.72
1227,2017-08-12,EGG-CHI,5,319.81
1228,2017-08-12,FRU-ORG,11,327.64
1229,2017-08-12,EGG-FIS,2,192.85
1230,2017-08-13,FRU-FRE,20,334.46
1231,2017-08-13,FRU-ORG,7,208.50
1232,2017-08-14,BAK-CAK,3,253.64
1233,2017-08-14,BAK-BRE,52,611.90
1234,2017-08-15,BAK-BRE,20,235.35
1235,2017-08-16,EGG-CHI,7,447.73
1236,2017-08-18,FRU-FRE,40,668.92
1237,2017-08-18,FRU-ORG,18,536.14
1238,2017-08-19,EGG-FIS,3,289.27
1239,2017-08-20,EGG-MUT,1,210.72
1240,2017-08-21,BAK-CAK,4,338.19
1241,2017-08-21,BAK-BRE,20,235.35
1242,2017-08-21,FRU-ORG,34,1012.71
1243,2017-08-21,EGG-FIS,2,192.85
1244,2017-08-21,EGG-MUT,1,210.72
1245,2017-08-22,BAK-CAK,5,422.73
1246,2017-08-22,FRU-ORG,12,357.43
1247,2017-08-23,BAK-BRE,52,611.90
1248,2017-08-23,EGG-EGG,21,386.52
1249,2017-08-23,EGG-MUT,2,421.44
1250,2017-08-23,FOO-RIC,8,114.77
1251,2017-08-26,FRU-FRE,7,117.06
1252,2017-08-26,EGG-EGG,27,496.96
1253,2017-08-27,BAK-CAK,1,84.55
1254,2017-08-27,EGG-CHI,4,255.85
1255,2017-08-27,BAK-BRE,52,611.90
1256,2017-08-27,FRU-ORG,38,1131.85
1257,2017-08-27,EGG-FIS,2,192.85
1258,2017-08-28,FRU-ORG,41,1221.21
1259,2017-08-28,SNA-COO,1,31.31
1260,2017-08-29,BEV-SOF,74,752.98
1261,2017-08-29,BAK-CAK,7,591.83
1262,2017-08-29,EGG-FIS,2,192.85
1263,2017-08-29,EGG-MUT,1,210.72
1264,2017-09-02,FRU-FRE,16,267.57
1265,2017-09-05,BAK-BRE,14,164.74
1266,2017-09-05,FRU-ORG,8,238.28
1267,2017-09-05,EGG-FIS,7,674.96
1268,2017-09-06,BAK-CAK,5,422.73
1269,2017-09-06,FRU-ORG,15,446.78
1270,2017-09-07,EGG-CHI,6,383.77
1271,2017-09-08,EGG-CHI,6,383.77
1272,2017-09-10,FRU-FRE,16,267.57
1273,2017-09-10,BAK-CAK,1,84.55
1274,2017-09-12,FRU-FRE,21,351.18
1275,2017-09-12,BAK-CAK,3,253.64
1276,2017-09-12,BAK-BRE,72,847.25
1277,2017-09-12,EGG-MUT,1,210.72
1278,2017-09-13,EGG-CHI,8,511.69
1279,2017-09-13,BAK-BRE,15,176.51
1280,2017-09-13,EGG-MUT,2,421.44
1281,2017-09-14,BAK-BRE,14,164.74
1282,2017-09-15,FRU-ORG,14,417.00
1283,2017-09-16,FRU-ORG,5,148.93
1284,2017-09-17,FRU-FRE,30,501.69
1285,2017-09-17,BAK-CAK,8,676.37
1286,2017-09-17,EGG-FIS,7,674.96
1287,2017-09-18,FRU-FRE,14,234.12
1288,2017-09-18,EGG-MUT,1,210.72
1289,2017-09-19,BAK-CAK,2,169.09
1290,2017-09-19,OIL-MAS,7,644.40
1291,2017-09-19,FRU-ORG,17,506.36
1292,2017-09-19,EGG-FIS,2,192.85
1293,2017-09-19,EGG-MUT,1,210.72
1294,2017-09-20,FRU-FRE,10,167.23
1295,2017-09-20,EGG-CHI,2,127.92
1296,2017-09-20,FRU-ORG,16,476.57
1297,2017-09-20,EGG-FIS,6,578.54
1298,2017-09-20,EGG-MUT,1,210.72
1299,2017-09-22,EGG-CHI,7,447.73
1300,2017-09-22,OIL-MAS,9,828.51
1301,2017-09-22,BAK-BIS,54,408.10
1302,2017-09-22,FOO-DAL,14,398.38
1303,2017-09-23,BAK-BRE,22,258.88
1304,2017-09-23,EGG-FIS,2,192.85
1305,2017-09-23,BAK-BIS,69,521.46
1306,2017-09-24,BAK-CAK,5,422.73
1307,2017-09-24,EGG-CHI,6,383.77
1308,2017-09-24,FOO-ORG,3,89.39
1309,2017-09-25,FRU-FRE,21,351.18
1310,2017-09-25,EGG-FIS,7,674.96
1311,2017-09-25,EGG-EGG,68,1251.59
1312,2017-09-26,FRU-FRE,50,836.15
1313,2017-09-26,BAK-CAK,7,591.83
1314,2017-09-26,EGG-CHI,12,767.54
1315,2017-09-26,EGG-FIS,6,578.54
1316,2017-09-26,FOO-ORG,22,655.54
1317,2017-09-27,EGG-FIS,6,578.54
1318,2017-09-27,FOO-ORG,15,446.96
1319,2017-09-29,SNA-COO,29,907.96
1320,2017-09-29,EGG-EGG,23,423.33
1321,2017-09-29,FOO-ORG,3,89.39
1322,2017-09-30,FRU-FRE,1,16.72
1323,2017-10-01,EGG-MUT,1,210.72
1324,2017-10-03,BAK-CAK,7,591.83
1325,2017-10-03,EGG-CHI,9,575.65
1326,2017-10-04,FRU-ORG,5,148.93
1327,2017-10-04,EGG-FIS,4,385.69
1328,2017-10-06,FRU-ORG,10,297.86
1329,2017-10-07,FRU-ORG,6,178.71
1330,2017-10-09,BAK-CAK,9,760.92
1331,2017-10-09,EGG-CHI,6,383.77
1332,2017-10-09,BAK-BRE,42,494.23
1333,2017-10-10,FRU-FRE,30,501.69
1334,2017-10-10,BAK-BRE,44,517.76
1335,2017-10-11,BAK-CAK,10,845.47
1336,2017-10-11,BAK-BRE,165,1941.62
1337,2017-10-11,EGG-MUT,7,1475.05
1338,2017-10-12,OIL-SPI,1,117.37
1339,2017-10-12,FRU-ORG,19,565.93
1340,2017-10-13,OIL-SPI,9,1056.29
1341,2017-10-13,FRU-ORG,15,446.78
1342,2017-10-13,EGG-MUT,2,421.44
1343,2017-10-14,EGG-CHI,2,127.92
1344,2017-10-14,EGG-FIS,7,674.96
1345,2017-10-15,OIL-SPI,4,469.46
1346,2017-10-15,BAK-CAK,5,422.73
1347,2017-10-15,BAK-BRE,20,235.35
1348,2017-10-15,EGG-EGG,9,165.65
1349,2017-10-15,EGG-MUT,5,1053.61
1350,2017-10-16,BAK-BRE,33,388.32
1351,2017-10-17,OIL-SPI,4,469.46
1352,2017-10-20,BEV-SOF,7,71.23
1353,2017-10-20,BAK-CAK,7,591.83
1354,2017-10-20,FRU-ORG,11,327.64
1355,2017-10-20,EGG-MUT,1,210.72
1356,2017-10-21,BEV-SOF,117,1190.53
1357,2017-10-21,FRU-FRE,22,367.91
1358,2017-10-21,EGG-CHI,4,255.85
1359,2017-10-21,FRU-ORG,29,863.78
1360,2017-10-21,EGG-FIS,4,385.69
1361,2017-10-21,EGG-MUT,3,632.16
1362,2017-10-22,FRU-FRE,54,903.05
1363,2017-10-23,EGG-FIS,3,289.27
1364,2017-10-27,BEV-HEA,3,420.76
1365,2017-10-27,EGG-MUT,1,210.72
1366,2017-10-28,BEV-HEA,4,561.02
1367,2017-10-28,BAK-CAK,5,422.73
1368,2017-10-28,FRU-ORG,29,863.78
1369,2017-10-28,EGG-MUT,3,632.16
1370,2017-10-29,FRU-FRE,34,568.58
1371,2017-10-29,EGG-FIS,13,1253.50
1372,2017-10-31,FRU-ORG,12,357.43
1373,2017-10-31,EGG-MUT,4,842.88
1374,2017-11-03,EGG-FIS,3,289.27
1375,2017-11-06,FRU-FRE,13,217.40
1376,2017-11-06,FRU-ORG,20,595.71
1377,2017-11-08,BAK-BRE,14,164.74
1378,2017-11-11,FRU-FRE,52,869.60
1379,2017-11-11,BAK-CAK,9,760.92
1380,2017-11-11,EGG-CHI,2,127.92
1381,2017-11-11,EGG-FIS,2,192.85
1382,2017-11-11,EGG-MUT,2,421.44
1383,2017-11-12,FRU-FRE,72,1204.06
1384,2017-11-12,EGG-CHI,11,703.58
1385,2017-11-12,FRU-ORG,26,774.43
1386,2017-11-12,EGG-FIS,1,96.42
1387,2017-11-12,EGG-MUT,3,632.16
1388,2017-11-13,FRU-FRE,12,200.68
1389,2017-11-13,BAK-BRE,38,447.16
1390,2017-11-14,FRU-FRE,16,267.57
1391,2017-11-14,BAK-CAK,5,422.73
1392,2017-11-14,BAK-BRE,16,188.28
1393,2017-11-14,FRU-ORG,15,446.78
1394,2017-11-15,FRU-FRE,31,518.42
1395,2017-11-15,FRU-ORG,15,446.78
1396,2017-11-15,SNA-COO,5,156.54
1397,2017-11-15,EGG-FIS,7,674.96
1398,2017-11-17,BEV-SOF,7,71.23
1399,2017-11-17,EGG-FIS,3,289.27
1400,2017-11-18,BEV-SOF,12,122.11
1401,2017-11-18,FRU-FRE,8,133.78
1402,2017-11-18,BAK-CAK,2,169.09
1403,2017-11-18,EGG-MUT,3,632.16
1404,2017-11-19,BAK-CAK,5,422.73
1405,2017-11-19,EGG-CHI,9,575.65
1406,2017-11-19,BAK-BRE,33,388.32
1407,2017-11-20,BEV-SOF,165,1678.95
1408,2017-11-20,BAK-CAK,5,422.73
1409,2017-11-20,BAK-BRE,23,270.65
1410,2017-11-20,FRU-ORG,15,446.78
1411,2017-11-21,BEV-SOF,27,274.74
1412,2017-11-21,FRU-ORG,10,297.86
1413,2017-11-21,EGG-FIS,5,482.12
1414,2017-11-21,FOO-ATT,26,282.74
1415,2017-11-22,BEV-SOF,35,356.14
1416,2017-11-22,FRU-ORG,10,297.86
1417,2017-11-22,EGG-MUT,2,421.44
1418,2017-11-23,EGG-CHI,9,575.65
1419,2017-11-24,EGG-CHI,20,1279.23
1420,2017-11-24,BAK-BRE,54,635.44
1421,2017-11-24,FRU-ORG,24,714.85
1422,2017-11-24,EGG-FIS,1,96.42
1423,2017-11-24,FOO-ATT,118,1283.21
1424,2017-11-25,BAK-CAK,4,338.19
1425,2017-11-25,FRU-ORG,19,565.93
1426,2017-11-26,BAK-CAK,8,676.37
1427,2017-11-26,EGG-CHI,5,319.81
1428,2017-11-26,BAK-BRE,75,882.55
1429,2017-11-26,FRU-ORG,83,2472.21
1430,2017-11-27,FRU-FRE,42,702.37
1431,2017-11-27,BAK-BRE,23,270.65
1432,2017-11-27,EGG-FIS,6,578.54
1433,2017-11-27,EGG-MUT,6,1264.33
1434,2017-11-28,FRU-FRE,18,301.02
1435,2017-11-28,OIL-MAS,7,644.40
1436,2017-11-28,FRU-ORG,5,148.93
1437,2017-11-30,FRU-FRE,23,384.63
1438,2017-11-30,EGG-CHI,6,383.77
1439,2017-11-30,EGG-FIS,4,385.69
1440,2017-12-03,BAK-BRE,53,623.67
1441,2017-12-04,FRU-ORG,65,1936.06
1442,2017-12-04,EGG-EGG,6,110.43
1443,2017-12-05,BAK-CAK,3,253.64
1444,2017-12-05,BAK-BRE,43,506.00
1445,2017-12-05,FRU-ORG,11,327.64
1446,2017-12-05,EGG-EGG,20,368.11
1447,2017-12-06,FRU-FRE,16,267.57
1448,2017-12-06,BAK-CAK,10,845.47
1449,2017-12-06,EGG-CHI,5,319.81
1450,2017-12-06,BAK-BRE,32,376.56
1451,2017-12-06,FRU-ORG,51,1519.07
1452,2017-12-06,EGG-FIS,6,578.54
1453,2017-12-06,EGG-EGG,30,552.17
1454,2017-12-06,EGG-MUT,3,632.16
1455,2017-12-08,EGG-CHI,17,1087.35
1456,2017-12-09,SNA-COO,4,125.24
1457,2017-12-09,EGG-FIS,6,578.54
1458,2017-12-11,BAK-CAK,3,253.64
1459,2017-12-11,BAK-BRE,33,388.32
1460,2017-12-11,EGG-FIS,6,578.54
1461,2017-12-12,BAK-CAK,3,253.64
1462,2017-12-12,EGG-CHI,7,447.73
1463,2017-12-12,FRU-ORG,32,953.14
1464,2017-12-12,FOO-ATT,10,108.75
1465,2017-12-14,EGG-MUT,1,210.72
1466,2017-12-14,FOO-ATT,44,478.48
1467,2017-12-15,BAK-BRE,35,411.86
1468,2017-12-16,BAK-BRE,33,388.32
1469,2017-12-17,BAK-CAK,3,253.64
1470,2017-12-17,FOO-ATT,48,521.98
1471,2017-12-18,FRU-FRE,78,1304.40
1472,2017-12-18,BAK-BRE,38,447.16
1473,2017-12-18,FRU-ORG,18,536.14
1474,2017-12-19,FRU-ORG,10,297.86
1475,2017-12-19,SNA-COO,7,219.16
1476,2017-12-19,EGG-MUT,1,210.72
1477,2017-12-20,BAK-CAK,3,253.64
1478,2017-12-20,FRU-ORG,6,178.71
1479,2017-12-20,BAK-BIS,41,309.85
1480,2017-12-22,BAK-CAK,5,422.73
1481,2017-12-22,FRU-ORG,28,834.00
1482,2017-12-23,BEV-SOF,23,234.04
1483,2017-12-23,OIL-SPI,5,586.83
1484,2017-12-23,BAK-CAK,6,507.28
1485,2017-12-23,SNA-COO,9,281.78
1486,2017-12-24,BEV-SOF,36,366.32
1487,2017-12-24,BAK-CAK,3,253.64
1488,2017-12-25,EGG-CHI,5,319.81
1489,2017-12-25,BAK-BRE,11,129.44
1490,2017-12-25,EGG-MUT,4,842.88
1491,2017-12-26,BAK-CAK,1,84.55
1492,2017-12-26,EGG-CHI,13,831.50
1493,2017-12-27,FRU-ORG,46,1370.14
1494,2017-12-29,BAK-CAK,4,338.19
1495,2017-12-30,FRU-ORG,27,804.21
1496,2017-12-31,BAK-BRE,13,152.98
1497,2017-12-31,SNA-NOO,14,91.73
1498,2018-01-01,EGG-CHI,9,575.65
1499,2018-01-01,BAK-BRE,47,553.07
1500,2018-01-04,EGG-CHI,7,447.73
1501,2018-01-04,SNA-NOO,132,864.88
1502,2018-01-04,EGG-MUT,2,421.44
1503,2018-01-05,FRU-FRE,20,334.46
1504,2018-01-06,EGG-FIS,6,578.54
1505,2018-01-06,FOO-DAL,1,28.46
1506,2018-01-07,EGG-FIS,6,578.54
1507,2018-01-07,EGG-MUT,1,210.72
1508,2018-01-08,FRU-ORG,16,476.57
1509,2018-01-09,BAK-CAK,2,169.09
1510,2018-01-10,EGG-CHI,9,575.65
1511,2018-01-10,FRU-ORG,21,625.50
1512,2018-01-10,EGG-EGG,24,441.74
1513,2018-01-11,EGG-FIS,7,674.96
1514,2018-01-12,FRU-FRE,46,769.26
1515,2018-01-12,EGG-CHI,1,63.96
1516,2018-01-12,BAK-BRE,121,1423.85
1517,2018-01-12,EGG-FIS,3,289.27
1518,2018-01-12,EGG-EGG,26,478.55
1519,2018-01-12,EGG-MUT,5,1053.61
1520,2018-01-14,OIL-MAS,10,920.56
1521,2018-01-14,BAK-BRE,66,776.65
1522,2018-01-14,EGG-FIS,1,96.42
1523,2018-01-14,BAK-BIS,6,45.34
1524,2018-01-15,BAK-BIS,80,604.59
1525,2018-01-16,BEV-SOF,6,61.05
1526,2018-01-19,FRU-FRE,110,1839.54
1527,2018-01-19,EGG-MUT,2,421.44
1528,2018-01-20,FRU-ORG,24,714.85
1529,2018-01-21,FRU-FRE,32,535.14
1530,2018-01-21,BAK-BRE,31,364.79
1531,2018-01-21,FRU-ORG,6,178.71
1532,2018-01-23,FRU-FRE,45,752.54
1533,2018-01-23,BAK-CAK,3,253.64
1534,2018-01-23,FRU-ORG,14,417.00
1535,2018-01-24,EGG-FIS,5,482.12
1536,2018-01-26,EGG-CHI,7,447.73
1537,2018-01-26,EGG-MUT,2,421.44
1538,2018-01-28,EGG-FIS,7,674.96
1539,2018-01-29,BAK-BRE,32,376.56
1540,2018-01-29,FRU-ORG,7,208.50
1541,2018-01-29,EGG-MUT,6,1264.33
1542,2018-01-29,FOO-ATT,12,130.50
1543,2018-01-30,EGG-CHI,2,127.92
1544,2018-01-30,BAK-BRE,19,223.58
1545,2018-01-30,FRU-ORG,42,1251.00
1546,2018-01-30,EGG-FIS,7,674.96
1547,2018-02-01,FRU-FRE,36,602.03
1548,2018-02-02,EGG-FIS,2,192.85
1549,2018-02-02,EGG-MUT,4,842.88
1550,2018-02-03,EGG-CHI,3,191.88
1551,2018-02-03,FOO-ATT,59,641.60
1552,2018-02-04,EGG-CHI,3,191.88
1553,2018-02-04,EGG-FIS,7,674.96
1554,2018-02-05,EGG-FIS,3,289.27
1555,2018-02-05,EGG-MUT,2,421.44
1556,2018-02-06,FRU-FRE,53,886.32
1557,2018-02-06,EGG-CHI,5,319.81
1558,2018-02-06,FRU-ORG,16,476.57
1559,2018-02-09,FRU-FRE,83,1388.01
1560,2018-02-09,EGG-CHI,5,319.81
1561,2018-02-09,BAK-BRE,95,1117.90
1562,2018-02-09,FRU-ORG,34,1012.71
1563,2018-02-09,EGG-MUT,3,632.16
1564,2018-02-10,FRU-FRE,33,551.86
1565,2018-02-10,OIL-MAS,5,460.28
1566,2018-02-10,FRU-ORG,14,417.00
1567,2018-02-10,EGG-EGG,24,441.74
1568,2018-02-10,EGG-MUT,2,421.44
1569,2018-02-11,BAK-CAK,10,845.47
1570,2018-02-11,EGG-CHI,6,383.77
1571,2018-02-11,OIL-MAS,2,184.11
1572,2018-02-11,FRU-ORG,26,774.43
1573,2018-02-11,EGG-FIS,4,385.69
1574,2018-02-11,EGG-EGG,9,165.65
1575,2018-02-12,BEV-SOF,54,549.48
1576,2018-02-12,FRU-FRE,88,1471.63
1577,2018-02-12,BAK-CAK,6,507.28
1578,2018-02-12,EGG-CHI,13,831.50
1579,2018-02-12,OIL-MAS,5,460.28
1580,2018-02-12,BAK-BRE,5,58.84
1581,2018-02-12,FRU-ORG,72,2144.56
1582,2018-02-12,EGG-FIS,16,1542.77
1583,2018-02-12,EGG-EGG,80,1472.46
1584,2018-02-12,EGG-MUT,2,421.44
1585,2018-02-13,FRU-FRE,19,317.74
1586,2018-02-13,FOO-DAL,12,341.47
1587,2018-02-13,EGG-MUT,2,421.44
1588,2018-02-16,BEV-HEA,1,140.25
1589,2018-02-17,BEV-SOF,46,468.07
1590,2018-02-17,EGG-MUT,1,210.72
1591,2018-02-18,BAK-CAK,5,422.73
1592,2018-02-18,EGG-CHI,5,319.81
1593,2018-02-19,FRU-ORG,14,417.00
1594,2018-02-19,EGG-FIS,6,578.54
1595,2018-02-20,BAK-BRE,11,129.44
1596,2018-02-20,FRU-ORG,28,834.00
1597,2018-02-23,SNA-COO,4,125.24
1598,2018-02-24,EGG-CHI,4,255.85
1599,2018-02-26,FRU-FRE,5,83.62
1600,2018-02-26,SNA-COO,11,344.40
1601,2018-02-28,FRU-ORG,8,238.28
1602,2018-03-02,EGG-FIS,6,578.54
1603,2018-03-03,BAK-CAK,6,507.28
1604,2018-03-03,EGG-FIS,1,96.42
1605,2018-03-05,EGG-MUT,2,421.44
1606,2018-03-06,EGG-EGG,8,147.25
1607,2018-03-06,EGG-MUT,2,421.44
1608,2018-03-07,FRU-FRE,33,551.86
1609,2018-03-07,BAK-BRE,50,588.37
1610,2018-03-07,EGG-FIS,3,289.27
1611,2018-03-08,EGG-FIS,11,1060.66
1612,2018-03-09,BEV-SOF,21,213.68
1613,2018-03-09,FRU-ORG,6,178.71
1614,2018-03-09,EGG-MUT,4,842.88
1615,2018-03-10,BEV-SOF,41,417.19
1616,2018-03-10,EGG-MUT,1,210.72
1617,2018-03-11,BEV-SOF,115,1170.18
1618,2018-03-11,FRU-FRE,41,685.65
1619,2018-03-11,SNA-CHO,41,1084.17
1620,2018-03-11,FRU-ORG,3,89.36
1621,2018-03-12,BAK-BRE,61,717.81
1622,2018-03-12,FRU-ORG,15,446.78
1623,2018-03-12,EGG-FIS,12,1157.08
1624,2018-03-13,FRU-FRE,45,752.54
1625,2018-03-13,BAK-BRE,30,353.02
1626,2018-03-13,FRU-ORG,19,565.93
1627,2018-03-13,EGG-FIS,8,771.39
1628,2018-03-16,BAK-CAK,6,507.28
1629,2018-03-16,EGG-CHI,4,255.85
1630,2018-03-16,SNA-COO,15,469.63
1631,2018-03-17,FRU-FRE,29,484.97
1632,2018-03-17,BAK-CAK,4,338.19
1633,2018-03-17,EGG-CHI,5,319.81
1634,2018-03-17,OIL-MAS,5,460.28
1635,2018-03-17,SNA-COO,10,313.09
1636,2018-03-17,EGG-MUT,3,632.16
1637,2018-03-18,FRU-FRE,20,334.46
1638,2018-03-18,EGG-CHI,3,191.88
1639,2018-03-18,EGG-FIS,6,578.54
1640,2018-03-19,BAK-CAK,4,338.19
1641,2018-03-19,BAK-BRE,43,506.00
1642,2018-03-19,EGG-MUT,2,421.44
1643,2018-03-20,FRU-FRE,16,267.57
1644,2018-03-20,BAK-BRE,12,141.21
1645,2018-03-21,EGG-FIS,14,1349.93
1646,2018-03-23,BAK-CAK,6,507.28
1647,2018-03-23,BAK-BIS,78,589.47
1648,2018-03-25,SNA-CHO,2,52.89
1649,2018-03-25,BAK-BRE,90,1059.06
1650,2018-03-25,FRU-ORG,1,29.79
1651,2018-03-25,EGG-FIS,3,289.27
1652,2018-03-26,EGG-CHI,10,639.62
1653,2018-03-26,BAK-BRE,114,1341.48
1654,2018-03-26,EGG-FIS,2,192.85
1655,2018-03-26,EGG-MUT,2,421.44
1656,2018-03-27,FRU-FRE,33,551.86
1657,2018-03-27,BAK-BRE,65,764.88
1658,2018-03-27,FRU-ORG,21,625.50
1659,2018-03-28,FRU-ORG,21,625.50
1660,2018-03-29,EGG-EGG,3,55.22
1661,2018-03-30,BAK-CAK,2,169.09
1662,2018-03-31,EGG-FIS,4,385.69
1663,2018-04-03,BAK-BRE,18,211.81
1664,2018-04-03,FRU-ORG,14,417.00
1665,2018-04-04,EGG-EGG,15,276.09
1666,2018-04-05,FRU-FRE,15,250.85
1667,2018-04-05,EGG-CHI,5,319.81
1668,2018-04-05,EGG-FIS,5,482.12
1669,2018-04-06,FRU-FRE,59,986.66
1670,2018-04-06,BAK-CAK,3,253.64
1671,2018-04-06,EGG-FIS,4,385.69
1672,2018-04-08,FRU-FRE,8,133.78
1673,2018-04-09,BAK-CAK,16,1352.75
1674,2018-04-09,BAK-BRE,147,1729.81
1675,2018-04-09,FRU-ORG,11,327.64
1676,2018-04-09,EGG-FIS,3,289.27
1677,2018-04-09,EGG-MUT,4,842.88
1678,2018-04-11,EGG-CHI,10,639.62
1679,2018-04-11,SNA-NOO,162,1061.44
1680,2018-04-12,EGG-CHI,4,255.85
1681,2018-04-12,FRU-ORG,9,268.07
1682,2018-04-12,SNA-NOO,25,163.80
1683,2018-04-12,EGG-MUT,3,632.16
1684,2018-04-13,FRU-FRE,15,250.85
1685,2018-04-14,BEV-SOF,16,162.81
1686,2018-04-14,BAK-CAK,5,422.73
1687,2018-04-14,BAK-BRE,46,541.30
1688,2018-04-15,FRU-FRE,39,652.20
1689,2018-04-15,EGG-FIS,6,578.54
1690,2018-04-16,BEV-SOF,46,468.07
1691,2018-04-16,FRU-FRE,48,802.71
1692,2018-04-16,EGG-FIS,7,674.96
1693,2018-04-16,EGG-MUT,1,210.72
1694,2018-04-17,EGG-FIS,3,289.27
1695,2018-04-20,SNA-COO,11,344.40
1696,2018-04-21,BAK-BRE,23,270.65
1697,2018-04-22,FRU-FRE,26,434.80
1698,2018-04-22,BAK-CAK,5,422.73
1699,2018-04-23,FRU-FRE,82,1371.29
1700,2018-04-23,BAK-BRE,45,529.53
1701,2018-04-23,EGG-MUT,3,632.16
1702,2018-04-23,FOO-RIC,7,100.43
1703,2018-04-24,FRU-ORG,6,178.71
1704,2018-04-24,EGG-EGG,4,73.62
1705,2018-04-24,FOO-DAL,16,455.30
1706,2018-04-25,FRU-FRE,23,384.63
1707,2018-04-25,EGG-EGG,26,478.55
1708,2018-04-25,FOO-DAL,14,398.38
1709,2018-04-27,EGG-FIS,7,674.96
1710,2018-04-27,EGG-MUT,1,210.72
1711,2018-04-28,BAK-CAK,5,422.73
1712,2018-04-28,EGG-MUT,1,210.72
1713,2018-04-30,BEV-SOF,48,488.42
1714,2018-04-30,FRU-FRE,62,1036.83
1715,2018-04-30,BAK-CAK,3,253.64
1716,2018-04-30,FRU-ORG,23,685.07
1717,2018-04-30,EGG-FIS,2,192.85
1718,2018-05-02,FRU-FRE,31,518.42
1719,2018-05-02,EGG-CHI,6,383.77
1720,2018-05-03,BAK-CAK,5,422.73
1721,2018-05-03,FOO-ORG,14,417.16
1722,2018-05-05,FRU-FRE,11,183.95
1723,2018-05-06,FRU-ORG,12,357.43
1724,2018-05-08,BEV-HEA,1,140.25
1725,2018-05-08,FRU-ORG,45,1340.35
1726,2018-05-09,EGG-FIS,4,385.69
1727,2018-05-09,FOO-ATT,21,228.37
1728,2018-05-10,BEV-HEA,4,561.02
1729,2018-05-10,BAK-CAK,9,760.92
1730,2018-05-10,BAK-BRE,37,435.39
1731,2018-05-10,FRU-ORG,17,506.36
1732,2018-05-10,EGG-FIS,3,289.27
1733,2018-05-10,EGG-MUT,2,421.44
1734,2018-05-11,BEV-HEA,6,841.53
1735,2018-05-11,FRU-FRE,21,351.18
1736,2018-05-11,BAK-CAK,6,507.28
1737,2018-05-11,EGG-CHI,5,319.81
1738,2018-05-11,EGG-MUT,3,632.16
1739,2018-05-12,BEV-HEA,4,561.02
1740,2018-05-12,FRU-FRE,6,100.34
1741,2018-05-12,BAK-CAK,8,676.37
1742,2018-05-12,EGG-FIS,5,482.12
1743,2018-05-13,BEV-HEA,1,140.25
1744,2018-05-13,FRU-FRE,16,267.57
1745,2018-05-13,EGG-CHI,2,127.92
1746,2018-05-13,EGG-MUT,3,632.16
1747,2018-05-14,BEV-HEA,6,841.53
1748,2018-05-14,FRU-FRE,148,2475.01
1749,2018-05-14,BAK-CAK,4,338.19
1750,2018-05-14,EGG-CHI,2,127.92
1751,2018-05-14,EGG-EGG,1,18.41
1752,2018-05-14,EGG-MUT,1,210.72
1753,2018-05-15,EGG-CHI,16,1023.39
1754,2018-05-15,FRU-ORG,3,89.36
1755,2018-05-15,EGG-EGG,13,239.27
1756,2018-05-18,BAK-BRE,32,376.56
1757,2018-05-18,EGG-FIS,5,482.12
1758,2018-05-18,SNA-NOO,29,190.01
1759,2018-05-19,EGG-CHI,10,639.62
1760,2018-05-19,SNA-COO,4,125.24
1761,2018-05-19,SNA-NOO,39,255.53
1762,2018-05-19,EGG-MUT,2,421.44
1763,2018-05-20,FRU-FRE,28,468.25
1764,2018-05-20,BAK-BRE,16,188.28
1765,2018-05-22,BAK-CAK,14,1183.65
1766,2018-05-22,BAK-BRE,29,341.25
1767,2018-05-23,EGG-FIS,6,578.54
1768,2018-05-25,BAK-CAK,7,591.83
1769,2018-05-26,BAK-CAK,6,507.28
1770,2018-05-26,EGG-CHI,2,127.92
1771,2018-05-27,BAK-CAK,6,507.28
1772,2018-05-27,BAK-BRE,89,1047.30
1773,2018-05-28,BAK-BRE,45,529.53
1774,2018-05-28,FRU-ORG,24,714.85
1775,2018-05-28,EGG-MUT,2,421.44
1776,2018-05-29,FRU-FRE,61,1020.11
1777,2018-05-30,FRU-FRE,14,234.12
1778,2018-05-30,BAK-CAK,3,253.64
1779,2018-06-01,EGG-MUT,2,421.44
1780,2018-06-02,FRU-FRE,22,367.91
1781,2018-06-03,BAK-CAK,2,169.09
1782,2018-06-03,EGG-CHI,4,255.85
1783,2018-06-05,FRU-ORG,7,208.50
1784,2018-06-05,EGG-MUT,4,842.88
1785,2018-06-07,FRU-FRE,25,418.08
1786,2018-06-07,BAK-CAK,6,507.28
1787,2018-06-08,EGG-MUT,2,421.44
1788,2018-06-10,EGG-EGG,25,460.14
1789,2018-06-10,EGG-MUT,4,842.88
1790,2018-06-11,BAK-BRE,163,1918.08
1791,2018-06-11,FRU-ORG,8,238.28
1792,2018-06-11,EGG-FIS,7,674.96
1793,2018-06-11,FOO-DAL,28,796.77
1794,2018-06-11,EGG-MUT,1,210.72
1795,2018-06-13,FRU-FRE,29,484.97
1796,2018-06-13,FOO-DAL,9,256.10
1797,2018-06-15,FRU-FRE,103,1722.48
1798,2018-06-15,EGG-CHI,14,895.46
1799,2018-06-15,BAK-BRE,75,882.55
1800,2018-06-15,FRU-ORG,26,774.43
1801,2018-06-15,EGG-FIS,2,192.85
1802,2018-06-16,BAK-CAK,3,253.64
1803,2018-06-16,EGG-CHI,9,575.65
1804,2018-06-16,EGG-FIS,7,674.96
1805,2018-06-17,EGG-MUT,2,421.44
1806,2018-06-19,FRU-FRE,27,451.52
1807,2018-06-19,BAK-BRE,26,305.95
1808,2018-06-19,EGG-FIS,4,385.69
1809,2018-06-19,EGG-EGG,12,220.87
1810,2018-06-19,EGG-MUT,2,421.44
1811,2018-06-20,EGG-CHI,4,255.85
1812,2018-06-20,BAK-BRE,63,741.35
1813,2018-06-21,BAK-BRE,33,388.32
1814,2018-06-21,FRU-ORG,8,238.28
1815,2018-06-21,EGG-FIS,7,674.96
1816,2018-06-22,BAK-BRE,39,458.93
1817,2018-06-22,EGG-FIS,3,289.27
1818,2018-06-22,EGG-MUT,2,421.44
1819,2018-06-25,EGG-FIS,7,674.96
1820,2018-06-26,FRU-ORG,22,655.28
1821,2018-06-27,BAK-CAK,5,422.73
1822,2018-06-27,FOO-ATT,1,10.87
1823,2018-06-29,EGG-CHI,6,383.77
1824,2018-06-29,FRU-ORG,17,506.36
1825,2018-06-29,EGG-MUT,1,210.72
1826,2018-06-30,FRU-FRE,71,1187.34
1827,2018-06-30,FRU-ORG,6,178.71
1828,2018-06-30,EGG-FIS,5,482.12
1829,2018-06-30,FOO-ATT,41,445.86
1830,2018-07-01,BAK-CAK,5,422.73
1831,2018-07-01,EGG-FIS,2,192.85
1832,2018-07-03,EGG-MUT,1,210.72
1833,2018-07-05,BAK-BRE,24,282.42
1834,2018-07-07,BAK-CAK,6,507.28
1835,2018-07-07,BAK-BRE,29,341.25
1836,2018-07-07,EGG-MUT,2,421.44
1837,2018-07-08,FRU-FRE,49,819.43
1838,2018-07-08,BAK-CAK,11,930.01
1839,2018-07-08,EGG-CHI,10,639.62
1840,2018-07-09,FRU-FRE,54,903.05
1841,2018-07-09,BAK-CAK,6,507.28
1842,2018-07-09,EGG-CHI,5,319.81
1843,2018-07-09,OIL-MAS,4,368.23
1844,2018-07-09,BAK-BRE,52,611.90
1845,2018-07-09,FRU-ORG,58,1727.57
1846,2018-07-09,EGG-EGG,23,423.33
1847,2018-07-10,FRU-FRE,42,702.37
1848,2018-07-10,BAK-CAK,6,507.28
1849,2018-07-10,OIL-MAS,14,1288.79
1850,2018-07-10,BAK-BRE,18,211.81
1851,2018-07-11,FRU-FRE,48,802.71
1852,2018-07-11,EGG-FIS,5,482.12
1853,2018-07-12,FRU-FRE,16,267.57
1854,2018-07-12,EGG-CHI,10,639.62
1855,2018-07-12,OIL-MAS,7,644.40
1856,2018-07-12,BAK-BRE,34,400.09
1857,2018-07-12,EGG-FIS,18,1735.62
1858,2018-07-12,EGG-EGG,34,625.80
1859,2018-07-13,BAK-CAK,5,422.73
1860,2018-07-13,BAK-BRE,8,94.14
1861,2018-07-14,FRU-ORG,18,536.14
1862,2018-07-14,EGG-FIS,11,1060.66
1863,2018-07-15,EGG-CHI,4,255.85
1864,2018-07-15,BAK-BRE,48,564.83
1865,2018-07-15,FRU-ORG,10,297.86
1866,2018-07-16,FRU-ORG,13,387.21
1867,2018-07-17,FRU-FRE,9,150.51
1868,2018-07-17,FRU-ORG,43,1280.78
1869,2018-07-17,EGG-FIS,7,674.96
1870,2018-07-18,FRU-FRE,51,852.88
1871,2018-07-18,BAK-CAK,3,253.64
1872,2018-07-18,OIL-MAS,3,276.17
1873,2018-07-21,BEV-HEA,5,701.27
1874,2018-07-21,FRU-FRE,15,250.85
1875,2018-07-21,BAK-BRE,38,447.16
1876,2018-07-21,EGG-FIS,4,385.69
1877,2018-07-22,EGG-CHI,2,127.92
1878,2018-07-23,BAK-CAK,6,507.28
1879,2018-07-23,BAK-BRE,51,600.14
1880,2018-07-23,EGG-FIS,2,192.85
1881,2018-07-25,BEV-SOF,70,712.28
1882,2018-07-25,EGG-MUT,2,421.44
1883,2018-07-26,EGG-FIS,2,192.85
1884,2018-07-27,FRU-ORG,1,29.79
1885,2018-07-27,SNA-COO,18,563.56
1886,2018-07-28,SNA-COO,14,438.32
1887,2018-07-29,FRU-ORG,21,625.50
1888,2018-07-29,EGG-FIS,7,674.96
1889,2018-07-30,FRU-ORG,12,357.43
1890,2018-07-31,BAK-CAK,7,591.83
1891,2018-07-31,FRU-ORG,11,327.64
1892,2018-08-03,BAK-BRE,50,588.37
1893,2018-08-04,BAK-CAK,6,507.28
1894,2018-08-04,FRU-ORG,6,178.71
1895,2018-08-05,FRU-FRE,14,234.12
1896,2018-08-06,FRU-FRE,22,367.91
1897,2018-08-06,FRU-ORG,19,565.93
1898,2018-08-06,EGG-FIS,4,385.69
1899,2018-08-07,BAK-CAK,15,1268.20
1900,2018-08-07,EGG-CHI,8,511.69
1901,2018-08-07,BAK-BRE,34,400.09
1902,2018-08-07,FRU-ORG,42,1251.00
1903,2018-08-07,EGG-FIS,5,482.12
1904,2018-08-07,EGG-MUT,2,421.44
1905,2018-08-09,EGG-EGG,13,239.27
1906,2018-08-09,FOO-ORG,5,148.99
1907,2018-08-10,FRU-FRE,40,668.92
1908,2018-08-11,BAK-CAK,7,591.83
1909,2018-08-12,BEV-HEA,1,140.25
1910,2018-08-12,FRU-FRE,80,1337.85
1911,2018-08-12,BAK-CAK,7,591.83
1912,2018-08-12,BAK-BRE,106,1247.34
1913,2018-08-12,FRU-ORG,44,1310.57
1914,2018-08-12,EGG-FIS,1,96.42
1915,2018-08-12,EGG-MUT,3,632.16
1916,2018-08-13,EGG-FIS,7,674.96
1917,2018-08-13,EGG-EGG,16,294.49
1918,2018-08-13,FOO-ORG,22,655.54
1919,2018-08-13,EGG-MUT,4,842.88
1920,2018-08-14,FRU-ORG,13,387.21
1921,2018-08-15,EGG-FIS,9,867.81
1922,2018-08-15,EGG-EGG,16,294.49
1923,2018-08-17,BEV-HEA,1,140.25
1924,2018-08-18,SNA-CHO,9,237.99
1925,2018-08-18,BAK-BRE,93,1094.37
1926,2018-08-18,EGG-FIS,6,578.54
1927,2018-08-18,EGG-EGG,2,36.81
1928,2018-08-18,EGG-MUT,3,632.16
1929,2018-08-19,SNA-CHO,39,1031.28
1930,2018-08-19,BAK-BRE,47,553.07
1931,2018-08-20,BEV-HEA,3,420.76
1932,2018-08-20,FRU-FRE,77,1287.68
1933,2018-08-20,BAK-CAK,7,591.83
1934,2018-08-21,BEV-HEA,4,561.02
1935,2018-08-21,BAK-CAK,15,1268.20
1936,2018-08-21,EGG-CHI,9,575.65
1937,2018-08-21,BAK-BRE,12,141.21
1938,2018-08-21,EGG-EGG,28,515.36
1939,2018-08-23,EGG-FIS,5,482.12
1940,2018-08-27,OIL-EDI,7,300.57
1941,2018-08-27,FRU-FRE,56,936.49
1942,2018-08-27,EGG-CHI,6,383.77
1943,2018-08-27,BAK-BRE,89,1047.30
1944,2018-08-28,BAK-BRE,47,553.07
1945,2018-08-31,EGG-CHI,9,575.65
1946,2018-08-31,EGG-MUT,1,210.72
1947,2018-09-04,FRU-FRE,19,317.74
1948,2018-09-04,BAK-BRE,72,847.25
1949,2018-09-04,EGG-MUT,2,421.44
1950,2018-09-05,FOO-DAL,1,28.46
1951,2018-09-07,BAK-CAK,6,507.28
1952,2018-09-07,EGG-CHI,4,255.85
1953,2018-09-09,FRU-FRE,39,652.20
1954,2018-09-09,EGG-CHI,7,447.73
1955,2018-09-09,BAK-BRE,40,470.70
1956,2018-09-09,FRU-ORG,8,238.28
1957,2018-09-09,EGG-FIS,13,1253.50
1958,2018-09-09,EGG-EGG,28,515.36
1959,2018-09-09,EGG-MUT,1,210.72
1960,2018-09-10,FRU-FRE,49,819.43
1961,2018-09-10,EGG-CHI,2,127.92
1962,2018-09-10,EGG-MUT,1,210.72
1963,2018-09-11,EGG-FIS,5,482.12
1964,2018-09-11,EGG-EGG,25,460.14
1965,2018-09-12,BEV-SOF,163,1658.60
1966,2018-09-12,BAK-CAK,9,760.92
1967,2018-09-12,FRU-ORG,29,863.78
1968,2018-09-12,EGG-MUT,6,1264.33
1969,2018-09-13,EGG-EGG,9,165.65
1970,2018-09-14,BEV-SOF,40,407.02
1971,2018-09-14,EGG-CHI,2,127.92
1972,2018-09-14,BAK-BRE,17,200.05
1973,2018-09-14,FRU-ORG,34,1012.71
1974,2018-09-14,SNA-COO,19,594.87
1975,2018-09-14,EGG-FIS,5,482.12
1976,2018-09-15,BEV-SOF,80,814.04
1977,2018-09-15,EGG-CHI,5,319.81
1978,2018-09-15,OIL-MAS,15,1380.85
1979,2018-09-15,BAK-BRE,26,305.95
1980,2018-09-15,FRU-ORG,43,1280.78
1981,2018-09-16,FRU-FRE,100,1672.31
1982,2018-09-16,BAK-CAK,10,845.47
1983,2018-09-16,EGG-CHI,14,895.46
1984,2018-09-16,FRU-ORG,27,804.21
1985,2018-09-17,EGG-CHI,7,447.73
1986,2018-09-17,BAK-BRE,12,141.21
1987,2018-09-18,BAK-BRE,22,258.88
1988,2018-09-18,FOO-ORG,16,476.76
1989,2018-09-18,EGG-MUT,1,210.72
1990,2018-09-19,BAK-BRE,126,1482.69
1991,2018-09-20,BAK-CAK,11,930.01
1992,2018-09-20,BAK-BRE,41,482.46
1993,2018-09-21,EGG-FIS,3,289.27
1994,2018-09-22,EGG-CHI,6,383.77
1995,2018-09-22,BAK-BRE,11,129.44
1996,2018-09-22,EGG-FIS,10,964.23
1997,2018-09-22,EGG-MUT,1,210.72
1998,2018-09-23,FRU-FRE,37,618.75
1999,2018-09-23,BAK-CAK,5,422.73
2000,2018-09-23,OIL-MAS,2,184.11
2001,2018-09-23,BAK-BRE,26,305.95
2002,2018-09-23,EGG-MUT,1,210.72
2003,2018-09-24,FRU-FRE,112,1872.98
2004,2018-09-24,BAK-CAK,7,591.83
2005,2018-09-24,OIL-MAS,6,552.34
2006,2018-09-24,FRU-ORG,12,357.43
2007,2018-09-24,EGG-FIS,12,1157.08
2008,2018-09-25,FRU-FRE,10,167.23
2009,2018-09-25,FRU-ORG,34,1012.71
2010,2018-09-25,EGG-FIS,3,289.27
2011,2018-09-25,FOO-DAL,18,512.21
2012,2018-09-25,EGG-MUT,4,842.88
2013,2018-09-26,BAK-CAK,7,591.83
2014,2018-09-26,SNA-COO,13,407.02
2015,2018-09-28,BAK-BRE,46,541.30
2016,2018-09-29,FRU-ORG,16,476.57
2017,2018-09-30,FRU-FRE,28,468.25
2018,2018-09-30,EGG-MUT,2,421.44
2019,2018-10-03,BAK-CAK,7,591.83
2020,2018-10-03,EGG-MUT,2,421.44
2021,2018-10-04,FRU-FRE,90,1505.08
2022,2018-10-04,BAK-CAK,6,507.28
2023,2018-10-04,EGG-MUT,2,421.44
2024,2018-10-07,FRU-FRE,40,668.92
2025,2018-10-07,BAK-CAK,7,591.83
2026,2018-10-08,FRU-ORG,18,536.14
2027,2018-10-09,BAK-CAK,2,169.09
2028,2018-10-09,BAK-BRE,57,670.74
2029,2018-10-09,FRU-ORG,16,476.57
2030,2018-10-09,SNA-COO,2,62.62
2031,2018-10-11,BAK-BRE,19,223.58
2032,2018-10-11,FRU-ORG,3,89.36
2033,2018-10-11,SNA-COO,12,375.71
2034,2018-10-12,FRU-FRE,52,869.60
2035,2018-10-12,SNA-COO,4,125.24
2036,2018-10-12,EGG-MUT,2,421.44
2037,2018-10-13,FRU-FRE,104,1739.20
2038,2018-10-13,EGG-FIS,8,771.39
2039,2018-10-14,EGG-MUT,3,632.16
2040,2018-10-14,FOO-ATT,28,304.49
2041,2018-10-16,BEV-SOF,33,335.79
2042,2018-10-17,BEV-SOF,40,407.02
2043,2018-10-17,BAK-CAK,4,338.19
2044,2018-10-19,FRU-FRE,49,819.43
2045,2018-10-19,EGG-CHI,9,575.65
2046,2018-10-19,BAK-BRE,30,353.02
2047,2018-10-20,FRU-FRE,46,769.26
2048,2018-10-20,FRU-ORG,26,774.43
2049,2018-10-21,BAK-CAK,7,591.83
2050,2018-10-21,FRU-ORG,15,446.78
2051,2018-10-21,EGG-EGG,20,368.11
2052,2018-10-22,FRU-FRE,55,919.77
2053,2018-10-22,BAK-BRE,98,1153.20
2054,2018-10-22,FRU-ORG,11,327.64
2055,2018-10-23,FRU-FRE,33,551.86
2056,2018-10-23,BAK-CAK,1,84.55
2057,2018-10-23,BAK-BRE,46,541.30
2058,2018-10-23,EGG-FIS,5,482.12
2059,2018-10-26,EGG-CHI,7,447.73
2060,2018-10-26,EGG-EGG,14,257.68
2061,2018-10-27,BAK-BRE,22,258.88
2062,2018-10-27,FOO-ORG,17,506.56
2063,2018-10-28,BAK-BRE,18,211.81
2064,2018-10-29,EGG-EGG,22,404.93
2065,2018-10-30,FRU-FRE,25,418.08
2066,2018-10-30,BAK-CAK,12,1014.56
2067,2018-10-30,EGG-CHI,2,127.92
2068,2018-10-30,BAK-BRE,87,1023.76
2069,2018-10-30,FRU-ORG,75,2233.92
2070,2018-10-30,EGG-EGG,15,276.09
2071,2018-10-31,EGG-CHI,2,127.92
2072,2018-11-03,FOO-DAL,2,56.91
2073,2018-11-04,FRU-FRE,19,317.74
2074,2018-11-05,FRU-ORG,57,1697.78
2075,2018-11-06,BAK-CAK,3,253.64
2076,2018-11-06,BAK-BRE,45,529.53
2077,2018-11-06,FRU-ORG,33,982.93
2078,2018-11-06,EGG-MUT,2,421.44
2079,2018-11-07,FRU-ORG,8,238.28
2080,2018-11-07,EGG-FIS,3,289.27
2081,2018-11-09,FRU-ORG,8,238.28
2082,2018-11-09,EGG-MUT,2,421.44
2083,2018-11-11,BAK-BRE,93,1094.37
2084,2018-11-11,EGG-FIS,3,289.27
2085,2018-11-12,EGG-CHI,2,127.92
2086,2018-11-12,BAK-BRE,50,588.37
2087,2018-11-12,EGG-FIS,2,192.85
2088,2018-11-12,FOO-DAL,10,284.56
2089,2018-11-13,FRU-FRE,62,1036.83
2090,2018-11-13,EGG-CHI,5,319.81
2091,2018-11-13,BAK-BRE,42,494.23
2092,2018-11-13,EGG-FIS,6,578.54
2093,2018-11-13,FOO-DAL,6,170.74
2094,2018-11-14,FRU-FRE,14,234.12
2095,2018-11-14,EGG-CHI,6,383.77
2096,2018-11-14,FRU-ORG,17,506.36
2097,2018-11-15,BAK-CAK,5,422.73
2098,2018-11-16,FRU-FRE,22,367.91
2099,2018-11-16,BAK-CAK,7,591.83
2100,2018-11-16,FRU-ORG,16,476.57
2101,2018-11-16,FOO-DAL,7,199.19
2102,2018-11-16,FOO-ATT,64,695.98
2103,2018-11-17,BEV-SOF,15,152.63
2104,2018-11-17,FRU-FRE,46,769.26
2105,2018-11-17,BAK-CAK,3,253.64
2106,2018-11-17,BAK-BRE,36,423.63
2107,2018-11-17,FRU-ORG,26,774.43
2108,2018-11-17,EGG-EGG,14,257.68
2109,2018-11-18,FRU-ORG,21,625.50
2110,2018-11-18,EGG-EGG,8,147.25
2111,2018-11-18,EGG-MUT,1,210.72
2112,2018-11-19,FRU-FRE,27,451.52
2113,2018-11-19,FRU-ORG,66,1965.85
2114,2018-11-19,EGG-EGG,50,920.29
2115,2018-11-20,BAK-BRE,34,400.09
2116,2018-11-20,EGG-FIS,17,1639.20
2117,2018-11-20,BAK-BIS,20,151.15
2118,2018-11-20,FOO-ORG,10,297.97
2119,2018-11-21,FRU-FRE,23,384.63
2120,2018-11-21,FRU-ORG,16,476.57
2121,2018-11-21,EGG-EGG,27,496.96
2122,2018-11-21,BAK-BIS,80,604.59
2123,2018-11-21,EGG-MUT,2,421.44
2124,2018-11-23,BEV-SOF,25,254.39
2125,2018-11-23,SNA-COO,20,626.18
2126,2018-11-23,EGG-FIS,6,578.54
2127,2018-11-24,BEV-SOF,36,366.32
2128,2018-11-24,BAK-CAK,1,84.55
2129,2018-11-24,BAK-BRE,86,1011.99
2130,2018-11-24,SNA-COO,11,344.40
2131,2018-11-24,EGG-FIS,5,482.12
2132,2018-11-25,BEV-SOF,118,1200.71
2133,2018-11-25,FRU-FRE,4,66.89
2134,2018-11-25,EGG-CHI,9,575.65
2135,2018-11-25,BAK-BRE,45,529.53
2136,2018-11-25,SNA-COO,33,1033.19
2137,2018-11-26,EGG-CHI,3,191.88
2138,2018-11-26,BAK-BRE,94,1106.13
2139,2018-11-26,FRU-ORG,12,357.43
2140,2018-11-26,EGG-FIS,7,674.96
2141,2018-11-26,FOO-ORG,7,208.58
2142,2018-11-26,EGG-MUT,1,210.72
2143,2018-11-27,BAK-CAK,4,338.19
2144,2018-11-27,FOO-ORG,7,208.58
2145,2018-11-28,EGG-MUT,1,210.72
2146,2018-12-01,FRU-ORG,14,417.00
2147,2018-12-03,FRU-ORG,28,834.00
2148,2018-12-04,BAK-CAK,6,507.28
2149,2018-12-05,EGG-CHI,7,447.73
2150,2018-12-05,BAK-BRE,14,164.74
2151,2018-12-05,EGG-FIS,1,96.42
2152,2018-12-06,FRU-FRE,32,535.14
2153,2018-12-06,BAK-CAK,1,84.55
2154,2018-12-07,FRU-FRE,37,618.75
2155,2018-12-08,FRU-ORG,35,1042.50
2156,2018-12-09,FRU-ORG,9,268.07
2157,2018-12-10,BAK-CAK,7,591.83
2158,2018-12-10,FRU-ORG,72,2144.56
2159,2018-12-10,EGG-FIS,5,482.12
2160,2018-12-11,BAK-BRE,82,964.93
2161,2018-12-11,FRU-ORG,31,923.35
2162,2018-12-11,EGG-MUT,3,632.16
2163,2018-12-13,BAK-BRE,20,235.35
2164,2018-12-14,FRU-FRE,47,785.98
2165,2018-12-14,EGG-CHI,5,319.81
2166,2018-12-14,OIL-MAS,2,184.11
2167,2018-12-14,EGG-FIS,13,1253.50
2168,2018-12-14,BAK-BIS,66,498.79
2169,2018-12-15,BAK-BIS,63,476.11
2170,2018-12-15,EGG-MUT,2,421.44
2171,2018-12-16,EGG-CHI,4,255.85
2172,2018-12-17,BEV-SOF,29,295.09
2173,2018-12-17,BAK-CAK,12,1014.56
2174,2018-12-17,OIL-MAS,6,552.34
2175,2018-12-17,BAK-BIS,53,400.54
2176,2018-12-18,BAK-BRE,11,129.44
2177,2018-12-18,FRU-ORG,25,744.64
2178,2018-12-18,EGG-FIS,4,385.69
2179,2018-12-19,EGG-CHI,9,575.65
2180,2018-12-19,BAK-BRE,25,294.18
2181,2018-12-19,FRU-ORG,11,327.64
2182,2018-12-20,BAK-BRE,19,223.58
2183,2018-12-21,BEV-HEA,1,140.25
2184,2018-12-21,SNA-CHO,1,26.44
2185,2018-12-22,BEV-HEA,5,701.27
2186,2018-12-22,BAK-CAK,2,169.09
2187,2018-12-22,SNA-CHO,29,766.85
2188,2018-12-22,BAK-BRE,32,376.56
2189,2018-12-22,EGG-MUT,3,632.16
2190,2018-12-23,BEV-HEA,3,420.76
2191,2018-12-23,FRU-FRE,29,484.97
2192,2018-12-23,BAK-BRE,64,753.11
2193,2018-12-24,BEV-HEA,2,280.51
2194,2018-12-24,FRU-FRE,94,1571.97
2195,2018-12-24,BAK-CAK,7,591.83
2196,2018-12-24,EGG-MUT,2,421.44
2197,2018-12-25,FRU-FRE,72,1204.06
2198,2018-12-25,BAK-BRE,56,658.97
2199,2018-12-25,EGG-FIS,7,674.96
2200,2018-12-25,EGG-MUT,2,421.44
2201,2018-12-26,FRU-FRE,26,434.80
2202,2018-12-26,FRU-ORG,10,297.86
2203,2018-12-28,BAK-CAK,3,253.64
2204,2018-12-28,OIL-MAS,1,92.06
2205,2018-12-28,EGG-FIS,7,674.96
2206,2018-12-29,OIL-MAS,8,736.45
2207,2018-12-29,EGG-FIS,9,867.81
2208,2018-12-29,EGG-MUT,2,421.44
2209,2018-12-30,BEV-SOF,34,345.97
