id,waste_date,stock_code,product_code,expired_qty,waste_lost_profit
1,2015-01-06,BAK-CAK,1,3,253.64
2,2015-01-06,EGG-CHI,1,5,319.81
3,2015-01-07,FRU-FRE,1,96,1605.41
4,2015-01-07,EGG-FIS,1,13,1253.50
5,2015-01-09,BAK-BRE,1,217,2553.52
6,2015-01-10,BAK-CAK,2,3,253.64
7,2015-01-10,FRU-ORG,1,12,357.43
8,2015-01-10,EGG-MUT,1,17,3582.26
9,2015-01-12,FRU-FRE,2,61,1020.11
10,2015-01-13,EGG-CHI,2,1,63.96
11,2015-01-15,FRU-ORG,2,6,178.71
12,2015-01-18,BAK-CAK,3,6,507.28
13,2015-01-18,BAK-BRE,2,111,1306.18
14,2015-01-18,EGG-FIS,3,11,1060.66
15,2015-01-18,EGG-MUT,2,5,1053.61
16,2015-01-19,EGG-CHI,3,4,255.85
17,2015-01-21,FRU-FRE,3,99,1655.58
18,2015-01-23,EGG-EGG,1,100,1840.57
19,2015-01-26,BAK-CAK,4,5,422.73
20,2015-01-26,EGG-CHI,4,8,511.69
21,2015-01-26,BAK-BRE,3,93,1094.37
22,2015-01-26,EGG-FIS,4,4,385.69
23,2015-01-26,EGG-MUT,3,6,1264.33
24,2015-01-30,FRU-FRE,4,50,836.15
25,2015-01-30,FRU-ORG,4,18,536.14
26,2015-01-30,EGG-FIS,5,8,771.39
27,2015-02-02,BAK-CAK,5,9,760.92
28,2015-02-02,EGG-CHI,5,8,511.69
29,2015-02-02,EGG-MUT,4,4,842.88
30,2015-02-03,BAK-BRE,4,90,1059.06
31,2015-02-04,FRU-ORG,5,7,208.50
32,2015-02-05,EGG-FIS,6,12,1157.08
33,2015-02-07,EGG-MUT,5,1,210.72
34,2015-02-08,FRU-FRE,5,77,1287.68
35,2015-02-09,BAK-CAK,6,9,760.92
36,2015-02-09,EGG-CHI,6,8,511.69
37,2015-02-11,BAK-BRE,5,90,1059.06
38,2015-02-11,EGG-FIS,7,11,1060.66
39,2015-02-11,EGG-EGG,2,4,73.62
40,2015-02-14,EGG-MUT,6,5,1053.61
41,2015-02-16,BAK-CAK,7,4,338.19
42,2015-02-16,EGG-CHI,7,9,575.65
43,2015-02-17,EGG-FIS,8,11,1060.66
44,2015-02-18,FRU-ORG,7,20,595.71
45,2015-02-18,FOO-ATT,1,352,3827.87
46,2015-02-20,FRU-FRE,7,73,1220.78
47,2015-02-20,BAK-BRE,6,74,870.79
48,2015-02-21,BAK-CAK,8,4,338.19
49,2015-02-21,EGG-MUT,7,6,1264.33
50,2015-02-23,EGG-CHI,8,3,191.88
51,2015-02-23,EGG-FIS,9,9,867.81
52,2015-02-27,FRU-ORG,8,45,1340.35
53,2015-03-01,FRU-FRE,8,120,2006.77
54,2015-03-01,BAK-CAK,9,8,676.37
55,2015-03-01,EGG-CHI,9,7,447.73
56,2015-03-01,BAK-BRE,7,83,976.69
57,2015-03-01,EGG-FIS,10,9,867.81
58,2015-03-01,EGG-EGG,3,36,662.61
59,2015-03-01,EGG-MUT,8,6,1264.33
60,2015-03-08,BAK-CAK,10,8,676.37
61,2015-03-08,EGG-CHI,10,1,63.96
62,2015-03-08,FRU-ORG,9,38,1131.85
63,2015-03-08,EGG-FIS,11,9,867.81
64,2015-03-08,EGG-MUT,9,6,1264.33
65,2015-03-09,BAK-BRE,8,69,811.95
66,2015-03-10,FRU-FRE,9,120,2006.77
67,2015-03-14,EGG-CHI,11,11,703.58
68,2015-03-14,EGG-FIS,12,9,867.81
69,2015-03-15,BAK-CAK,11,10,845.47
70,2015-03-15,EGG-MUT,10,5,1053.61
71,2015-03-17,BAK-BRE,9,69,811.95
72,2015-03-17,FRU-ORG,10,46,1370.14
73,2015-03-19,FRU-FRE,10,38,635.48
74,2015-03-21,EGG-CHI,12,20,1279.23
75,2015-03-21,EGG-FIS,13,8,771.39
76,2015-03-22,BAK-CAK,12,10,845.47
77,2015-03-22,EGG-MUT,11,2,421.44
78,2015-03-25,BAK-BRE,10,93,1094.37
79,2015-03-25,EGG-EGG,5,39,717.82
80,2015-03-26,FRU-ORG,11,55,1638.21
81,2015-03-28,EGG-CHI,13,15,959.42
82,2015-03-28,EGG-FIS,14,4,385.69
83,2015-03-28,EGG-MUT,12,3,632.16
84,2015-03-29,BAK-CAK,13,11,930.01
85,2015-04-01,EGG-FIS,15,6,578.54
86,2015-04-02,BAK-BRE,11,110,1294.41
87,2015-04-02,EGG-EGG,6,6,110.43
88,2015-04-04,EGG-CHI,14,13,831.50
89,2015-04-04,FRU-ORG,12,45,1340.35
90,2015-04-04,EGG-MUT,13,4,842.88
91,2015-04-05,BAK-CAK,14,6,507.28
92,2015-04-06,FOO-ATT,2,183,1990.06
93,2015-04-07,EGG-FIS,16,10,964.23
94,2015-04-08,FRU-FRE,13,48,802.71
95,2015-04-10,BAK-BRE,12,16,188.28
96,2015-04-11,BAK-CAK,15,5,422.73
97,2015-04-11,EGG-CHI,15,13,831.50
98,2015-04-11,EGG-MUT,14,4,842.88
99,2015-04-13,EGG-FIS,17,8,771.39
100,2015-04-15,BAK-BRE,13,35,411.86
101,2015-04-16,EGG-EGG,7,83,1527.68
102,2015-04-18,BAK-CAK,16,13,1099.11
103,2015-04-18,EGG-CHI,16,11,703.58
104,2015-04-18,EGG-MUT,15,4,842.88
105,2015-04-19,EGG-FIS,18,9,867.81
106,2015-04-20,FRU-FRE,15,113,1889.71
107,2015-04-20,FRU-ORG,14,36,1072.28
108,2015-04-23,BAK-BRE,14,60,706.04
109,2015-04-25,BAK-CAK,17,11,930.01
110,2015-04-25,EGG-CHI,17,10,639.62
111,2015-04-25,EGG-FIS,19,9,867.81
112,2015-04-25,EGG-MUT,16,4,842.88
113,2015-04-28,FRU-ORG,15,2,59.57
114,2015-04-29,FRU-FRE,16,70,1170.61
115,2015-05-01,BAK-BRE,15,94,1106.13
116,2015-05-01,EGG-FIS,20,7,674.96
117,2015-05-03,BAK-CAK,18,11,930.01
118,2015-05-03,EGG-CHI,18,14,895.46
119,2015-05-03,FRU-ORG,16,63,1876.49
120,2015-05-03,EGG-MUT,17,4,842.88
121,2015-05-07,EGG-FIS,22,6,578.54
122,2015-05-08,FRU-FRE,17,79,1321.12
123,2015-05-08,EGG-EGG,8,38,699.42
124,2015-05-09,BAK-BRE,16,73,859.02
125,2015-05-10,BAK-CAK,19,11,930.01
126,2015-05-10,EGG-CHI,19,13,831.50
127,2015-05-10,EGG-MUT,18,4,842.88
128,2015-05-12,FRU-ORG,17,8,238.28
129,2015-05-13,EGG-FIS,23,5,482.12
130,2015-05-17,FRU-FRE,18,23,384.63
131,2015-05-17,BAK-CAK,20,12,1014.56
132,2015-05-17,EGG-CHI,20,13,831.50
133,2015-05-17,BAK-BRE,17,78,917.86
134,2015-05-17,FRU-ORG,18,69,2055.21
135,2015-05-17,EGG-MUT,19,4,842.88
136,2015-05-18,EGG-FIS,24,4,385.69
137,2015-05-22,FRU-FRE,19,51,852.88
138,2015-05-23,FOO-ATT,3,72,782.97
139,2015-05-24,BAK-CAK,21,11,930.01
140,2015-05-24,EGG-CHI,21,13,831.50
141,2015-05-24,EGG-FIS,25,9,867.81
142,2015-05-24,EGG-MUT,20,4,842.88
143,2015-05-25,BAK-BRE,18,36,423.63
144,2015-05-26,FRU-ORG,19,74,2204.14
145,2015-05-30,EGG-FIS,26,9,867.81
146,2015-05-30,EGG-EGG,9,1,18.41
147,2015-05-31,BAK-CAK,22,7,591.83
148,2015-05-31,EGG-CHI,22,12,767.54
149,2015-05-31,EGG-MUT,21,4,842.88
150,2015-06-01,BAK-BRE,19,22,258.88
151,2015-06-04,FRU-FRE,21,86,1438.18
152,2015-06-05,EGG-FIS,27,10,964.23
153,2015-06-06,BAK-CAK,23,2,169.09
154,2015-06-07,EGG-CHI,23,12,767.54
155,2015-06-07,EGG-MUT,22,2,421.44
156,2015-06-09,BAK-BRE,20,3,35.30
157,2015-06-09,FRU-ORG,21,27,804.21
158,2015-06-11,EGG-FIS,28,8,771.39
159,2015-06-13,BAK-CAK,24,9,760.92
160,2015-06-13,EGG-MUT,23,1,210.72
161,2015-06-14,EGG-CHI,24,14,895.46
162,2015-06-14,BAK-BRE,21,38,447.16
163,2015-06-14,EGG-EGG,10,35,644.20
164,2015-06-17,EGG-FIS,29,10,964.23
165,2015-06-18,FRU-ORG,22,70,2084.99
166,2015-06-20,FRU-FRE,23,47,785.98
167,2015-06-20,BAK-CAK,25,11,930.01
168,2015-06-20,BAK-BRE,22,32,376.56
169,2015-06-20,EGG-MUT,24,3,632.16
170,2015-06-21,EGG-CHI,25,16,1023.39
171,2015-06-23,EGG-FIS,30,17,1639.20
172,2015-06-25,SNA-NOO,1,885,5798.63
173,2015-06-27,BAK-CAK,26,11,930.01
174,2015-06-27,FRU-ORG,23,59,1757.35
175,2015-06-27,EGG-MUT,25,3,632.16
176,2015-06-28,EGG-CHI,26,13,831.50
177,2015-06-28,BAK-BRE,23,74,870.79
178,2015-06-28,FOO-ATT,4,77,837.35
179,2015-06-29,FRU-FRE,24,6,100.34
180,2015-06-29,EGG-FIS,31,14,1349.93
181,2015-07-04,BAK-CAK,27,9,760.92
182,2015-07-04,EGG-MUT,26,2,421.44
183,2015-07-05,EGG-CHI,27,7,447.73
184,2015-07-05,EGG-FIS,32,13,1253.50
185,2015-07-06,FRU-FRE,25,30,501.69
186,2015-07-06,BAK-BRE,24,23,270.65
187,2015-07-06,FRU-ORG,24,35,1042.50
188,2015-07-11,FRU-FRE,26,57,953.21
189,2015-07-11,BAK-CAK,28,4,338.19
190,2015-07-11,EGG-FIS,33,6,578.54
191,2015-07-11,EGG-MUT,27,2,421.44
192,2015-07-12,EGG-EGG,13,45,828.26
193,2015-07-13,FRU-ORG,25,14,417.00
194,2015-07-18,BAK-CAK,29,3,253.64
195,2015-07-18,EGG-CHI,29,12,767.54
196,2015-07-18,BAK-BRE,26,81,953.16
197,2015-07-18,EGG-FIS,34,2,192.85
198,2015-07-18,EGG-MUT,28,3,632.16
199,2015-07-20,FRU-FRE,27,78,1304.40
200,2015-07-22,FRU-ORG,26,28,834.00
201,2015-07-25,BAK-CAK,30,2,169.09
202,2015-07-25,EGG-CHI,30,14,895.46
203,2015-07-25,EGG-FIS,35,11,1060.66
204,2015-07-26,BAK-BRE,27,8,94.14
205,2015-07-30,FRU-FRE,28,31,518.42
206,2015-07-30,BAK-CAK,31,4,338.19
207,2015-07-30,EGG-MUT,30,5,1053.61
208,2015-08-02,EGG-CHI,31,14,895.46
209,2015-08-02,BAK-BRE,28,26,305.95
210,2015-08-02,FRU-ORG,27,15,446.78
211,2015-08-02,EGG-FIS,36,9,867.81
212,2015-08-04,FRU-FRE,29,41,685.65
213,2015-08-04,BAK-CAK,32,7,591.83
214,2015-08-06,FRU-ORG,28,12,357.43
215,2015-08-06,EGG-MUT,31,5,1053.61
216,2015-08-08,EGG-FIS,37,9,867.81
217,2015-08-09,EGG-CHI,32,12,767.54
218,2015-08-10,BAK-BRE,29,51,600.14
219,2015-08-10,EGG-EGG,15,32,588.98
220,2015-08-11,BAK-CAK,33,11,930.01
221,2015-08-15,FRU-FRE,30,52,869.60
222,2015-08-15,FRU-ORG,29,27,804.21
223,2015-08-15,EGG-FIS,38,9,867.81
224,2015-08-15,EGG-MUT,32,1,210.72
225,2015-08-16,EGG-CHI,33,10,639.62
226,2015-08-19,BAK-CAK,34,10,845.47
227,2015-08-19,BAK-BRE,30,36,423.63
228,2015-08-19,EGG-MUT,33,7,1475.05
229,2015-08-22,EGG-FIS,39,9,867.81
230,2015-08-23,EGG-CHI,34,12,767.54
231,2015-08-23,BAK-BRE,31,27,317.72
232,2015-08-24,FRU-FRE,32,52,869.60
233,2015-08-24,FRU-ORG,30,62,1846.71
234,2015-08-26,BAK-CAK,35,11,930.01
235,2015-08-26,EGG-MUT,34,6,1264.33
236,2015-08-29,EGG-FIS,40,9,867.81
237,2015-08-30,EGG-CHI,35,12,767.54
238,2015-08-30,EGG-EGG,16,78,1435.65
239,2015-08-31,BAK-BRE,32,82,964.93
240,2015-09-01,FRU-ORG,31,16,476.57
241,2015-09-05,FRU-FRE,33,70,1170.61
242,2015-09-05,BAK-CAK,36,10,845.47
243,2015-09-05,EGG-FIS,41,9,867.81
244,2015-09-05,EGG-MUT,36,6,1264.33
245,2015-09-06,EGG-CHI,36,12,767.54
246,2015-09-08,BAK-BRE,33,3,35.30
247,2015-09-10,FRU-ORG,32,24,714.85
248,2015-09-11,EGG-FIS,42,8,771.39
249,2015-09-11,FOO-ATT,7,172,1870.44
250,2015-09-12,BAK-CAK,37,11,930.01
251,2015-09-12,EGG-MUT,37,6,1264.33
252,2015-09-13,EGG-CHI,37,4,255.85
253,2015-09-17,EGG-FIS,43,9,867.81
254,2015-09-19,BAK-CAK,38,12,1014.56
255,2015-09-19,EGG-CHI,38,11,703.58
256,2015-09-19,BAK-BRE,35,42,494.23
257,2015-09-19,EGG-MUT,38,5,1053.61
258,2015-09-21,FRU-FRE,35,160,2675.69
259,2015-09-23,EGG-FIS,44,6,578.54
260,2015-09-26,EGG-CHI,39,13,831.50
261,2015-09-26,EGG-MUT,39,4,842.88
262,2015-09-27,BAK-BRE,36,26,305.95
263,2015-09-29,FRU-ORG,35,52,1548.85
264,2015-09-29,EGG-FIS,45,10,964.23
265,2015-09-30,FRU-FRE,36,33,551.86
266,2015-10-03,EGG-CHI,40,13,831.50
267,2015-10-03,EGG-MUT,40,4,842.88
268,2015-10-05,BAK-BRE,37,58,682.51
269,2015-10-05,FRU-ORG,36,25,744.64
270,2015-10-05,EGG-FIS,46,10,964.23
271,2015-10-06,BAK-CAK,41,11,930.01
272,2015-10-09,FRU-FRE,37,39,652.20
273,2015-10-09,EGG-CHI,41,2,127.92
274,2015-10-09,FOO-RIC,1,146,2094.64
275,2015-10-10,EGG-MUT,41,4,842.88
276,2015-10-11,EGG-FIS,47,9,867.81
277,2015-10-13,BAK-CAK,42,5,422.73
278,2015-10-13,BAK-BRE,38,51,600.14
279,2015-10-16,EGG-CHI,42,15,959.42
280,2015-10-17,EGG-FIS,48,8,771.39
281,2015-10-17,EGG-MUT,42,3,632.16
282,2015-10-19,FRU-FRE,39,49,819.43
283,2015-10-19,BAK-CAK,43,6,507.28
284,2015-10-20,FRU-ORG,38,53,1578.64
285,2015-10-21,BAK-BRE,39,1,11.77
286,2015-10-24,EGG-CHI,43,11,703.58
287,2015-10-24,EGG-FIS,49,6,578.54
288,2015-10-24,EGG-MUT,43,3,632.16
289,2015-10-26,BAK-CAK,44,13,1099.11
290,2015-10-26,BAK-BRE,40,39,458.93
291,2015-10-26,FRU-ORG,39,17,506.36
292,2015-10-27,FRU-FRE,40,80,1337.85
293,2015-10-28,FOO-ATT,8,96,1043.97
294,2015-10-31,EGG-CHI,44,13,831.50
295,2015-10-31,EGG-FIS,50,3,289.27
296,2015-10-31,EGG-MUT,44,1,210.72
297,2015-11-02,BAK-CAK,45,6,507.28
298,2015-11-02,BAK-BRE,41,4,47.07
299,2015-11-02,FRU-ORG,40,16,476.57
300,2015-11-04,EGG-EGG,22,48,883.48
301,2015-11-05,FRU-FRE,41,134,2240.89
302,2015-11-05,EGG-MUT,45,1,210.72
303,2015-11-07,BAK-CAK,46,7,591.83
304,2015-11-07,EGG-CHI,45,5,319.81
305,2015-11-09,FRU-ORG,41,34,1012.71
306,2015-11-09,EGG-FIS,52,11,1060.66
307,2015-11-09,EGG-EGG,23,2,36.81
308,2015-11-10,EGG-MUT,46,2,421.44
309,2015-11-14,FRU-FRE,42,93,1555.25
310,2015-11-14,BAK-CAK,47,14,1183.65
311,2015-11-14,EGG-CHI,46,8,511.69
312,2015-11-14,BAK-BRE,43,47,553.07
313,2015-11-15,EGG-FIS,53,10,964.23
314,2015-11-17,EGG-MUT,47,1,210.72
315,2015-11-21,BAK-CAK,48,15,1268.20
316,2015-11-21,EGG-CHI,47,17,1087.35
317,2015-11-21,EGG-FIS,54,9,867.81
318,2015-11-22,BAK-BRE,44,71,835.48
319,2015-11-23,FRU-FRE,43,12,200.68
320,2015-11-23,EGG-MUT,48,2,421.44
321,2015-11-27,EGG-FIS,55,4,385.69
322,2015-11-27,FOO-ATT,9,90,978.72
323,2015-11-28,BAK-CAK,49,6,507.28
324,2015-11-28,EGG-CHI,48,18,1151.31
325,2015-11-28,EGG-MUT,49,4,842.88
326,2015-11-30,BAK-BRE,45,92,1082.60
327,2015-11-30,FRU-ORG,44,41,1221.21
328,2015-12-02,EGG-FIS,56,5,482.12
329,2015-12-02,EGG-EGG,25,39,717.82
330,2015-12-04,BAK-CAK,50,6,507.28
331,2015-12-05,EGG-CHI,49,21,1343.19
332,2015-12-05,EGG-MUT,50,4,842.88
333,2015-12-07,FRU-FRE,45,101,1689.03
334,2015-12-08,BAK-BRE,46,74,870.79
335,2015-12-08,EGG-FIS,57,5,482.12
336,2015-12-09,FRU-ORG,45,57,1697.78
337,2015-12-11,BAK-CAK,51,12,1014.56
338,2015-12-12,EGG-CHI,50,21,1343.19
339,2015-12-12,EGG-MUT,51,4,842.88
340,2015-12-13,EGG-FIS,58,3,289.27
341,2015-12-16,BAK-BRE,47,59,694.28
342,2015-12-17,EGG-EGG,26,7,128.84
343,2015-12-19,BAK-CAK,52,8,676.37
344,2015-12-19,EGG-CHI,51,17,1087.35
345,2015-12-19,FRU-ORG,46,52,1548.85
346,2015-12-19,EGG-FIS,59,8,771.39
347,2015-12-19,EGG-MUT,52,3,632.16
348,2015-12-21,FRU-FRE,47,24,401.35
349,2015-12-24,BAK-BRE,48,63,741.35
350,2015-12-26,EGG-CHI,52,12,767.54
351,2015-12-26,EGG-FIS,60,4,385.69
352,2015-12-28,FRU-FRE,48,25,418.08
353,2015-12-28,FRU-ORG,47,58,1727.57
354,2015-12-29,BAK-CAK,54,14,1183.65
355,2015-12-29,EGG-MUT,54,3,632.16
356,2016-01-03,EGG-CHI,53,13,831.50
357,2016-01-03,EGG-MUT,55,2,421.44
358,2016-01-05,FRU-FRE,49,60,1003.38
359,2016-01-05,BAK-CAK,55,19,1606.39
360,2016-01-05,EGG-FIS,62,12,1157.08
361,2016-01-06,FRU-ORG,48,55,1638.21
362,2016-01-08,BAK-BRE,50,57,670.74
363,2016-01-10,EGG-CHI,54,16,1023.39
364,2016-01-10,EGG-MUT,56,4,842.88
365,2016-01-11,EGG-FIS,63,12,1157.08
366,2016-01-11,EGG-EGG,28,17,312.90
367,2016-01-12,BAK-CAK,56,11,930.01
368,2016-01-17,EGG-CHI,55,12,767.54
369,2016-01-17,BAK-BRE,51,109,1282.64
370,2016-01-17,FRU-ORG,49,44,1310.57
371,2016-01-17,EGG-FIS,64,12,1157.08
372,2016-01-17,EGG-MUT,57,4,842.88
373,2016-01-19,FRU-FRE,51,98,1638.86
374,2016-01-19,BAK-CAK,57,13,1099.11
375,2016-01-23,FRU-ORG,50,10,297.86
376,2016-01-23,EGG-FIS,65,12,1157.08
377,2016-01-24,EGG-CHI,56,12,767.54
378,2016-01-24,EGG-MUT,58,4,842.88
379,2016-01-26,BAK-CAK,58,13,1099.11
380,2016-01-26,BAK-BRE,52,97,1141.44
381,2016-01-28,FRU-FRE,52,151,2525.18
382,2016-01-30,EGG-FIS,66,12,1157.08
383,2016-01-30,EGG-EGG,29,48,883.48
384,2016-01-31,EGG-CHI,57,12,767.54
385,2016-01-31,EGG-MUT,59,4,842.88
386,2016-02-01,FRU-ORG,51,54,1608.42
387,2016-02-03,BAK-CAK,59,13,1099.11
388,2016-02-03,BAK-BRE,53,97,1141.44
389,2016-02-05,EGG-FIS,67,12,1157.08
390,2016-02-07,FRU-FRE,53,136,2274.34
391,2016-02-07,EGG-CHI,58,12,767.54
392,2016-02-07,EGG-MUT,60,4,842.88
393,2016-02-10,BAK-CAK,60,13,1099.11
394,2016-02-10,FRU-ORG,52,41,1221.21
395,2016-02-11,BAK-BRE,54,58,682.51
396,2016-02-11,EGG-FIS,68,12,1157.08
397,2016-02-11,FOO-ATT,12,89,967.84
398,2016-02-14,EGG-CHI,59,14,895.46
399,2016-02-14,EGG-MUT,61,6,1264.33
400,2016-02-16,FRU-FRE,54,98,1638.86
401,2016-02-16,BAK-BRE,55,33,388.32
402,2016-02-18,BAK-CAK,61,11,930.01
403,2016-02-18,EGG-FIS,69,8,771.39
404,2016-02-20,FRU-ORG,53,46,1370.14
405,2016-02-21,EGG-CHI,60,16,1023.39
406,2016-02-21,EGG-MUT,62,6,1264.33
407,2016-02-25,FRU-FRE,55,27,451.52
408,2016-02-25,BAK-CAK,62,11,930.01
409,2016-02-25,BAK-BRE,56,91,1070.83
410,2016-02-25,EGG-FIS,70,8,771.39
411,2016-02-28,EGG-CHI,61,14,895.46
412,2016-02-28,EGG-MUT,63,6,1264.33
413,2016-03-01,FRU-ORG,54,42,1251.00
414,2016-03-01,EGG-EGG,31,1,18.41
415,2016-03-02,EGG-FIS,71,8,771.39
416,2016-03-05,FRU-FRE,56,125,2090.38
417,2016-03-05,BAK-CAK,63,11,930.01
418,2016-03-05,BAK-BRE,57,49,576.60
419,2016-03-07,EGG-CHI,62,14,895.46
420,2016-03-07,EGG-EGG,32,75,1380.43
421,2016-03-07,EGG-MUT,64,6,1264.33
422,2016-03-09,EGG-FIS,72,8,771.39
423,2016-03-10,FRU-ORG,55,9,268.07
424,2016-03-12,BAK-CAK,64,9,760.92
425,2016-03-14,FRU-FRE,57,69,1153.89
426,2016-03-14,EGG-CHI,63,14,895.46
427,2016-03-14,EGG-MUT,65,4,842.88
428,2016-03-15,BAK-BRE,59,113,1329.71
429,2016-03-15,EGG-FIS,73,8,771.39
430,2016-03-19,BAK-CAK,65,10,845.47
431,2016-03-19,FRU-ORG,56,45,1340.35
432,2016-03-21,EGG-CHI,64,12,767.54
433,2016-03-21,EGG-FIS,74,8,771.39
434,2016-03-21,EGG-MUT,66,1,210.72
435,2016-03-23,BAK-BRE,60,25,294.18
436,2016-03-26,BAK-CAK,66,10,845.47
437,2016-03-26,FOO-ATT,13,108,1174.46
438,2016-03-27,EGG-FIS,75,8,771.39
439,2016-03-27,EGG-MUT,67,4,842.88
440,2016-03-28,FRU-FRE,59,48,802.71
441,2016-03-28,EGG-CHI,65,12,767.54
442,2016-03-28,FRU-ORG,57,53,1578.64
443,2016-04-04,BAK-CAK,67,7,591.83
444,2016-04-04,EGG-CHI,66,13,831.50
445,2016-04-04,EGG-FIS,76,8,771.39
446,2016-04-04,EGG-MUT,68,4,842.88
447,2016-04-05,FRU-FRE,60,67,1120.45
448,2016-04-06,BAK-BRE,62,73,859.02
449,2016-04-06,FRU-ORG,58,63,1876.49
450,2016-04-09,BAK-CAK,68,3,253.64
451,2016-04-10,EGG-FIS,77,8,771.39
452,2016-04-10,EGG-EGG,34,87,1601.30
453,2016-04-12,EGG-CHI,67,7,447.73
454,2016-04-12,EGG-MUT,69,5,1053.61
455,2016-04-14,FRU-FRE,61,4,66.89
456,2016-04-14,BAK-BRE,63,39,458.93
457,2016-04-16,BAK-CAK,69,10,845.47
458,2016-04-16,FRU-ORG,59,47,1399.92
459,2016-04-16,EGG-FIS,78,8,771.39
460,2016-04-17,EGG-CHI,68,6,383.77
461,2016-04-19,EGG-MUT,70,2,421.44
462,2016-04-20,BAK-BRE,64,30,353.02
463,2016-04-21,FRU-FRE,62,3,50.17
464,2016-04-22,EGG-FIS,79,10,964.23
465,2016-04-24,BAK-CAK,70,1,84.55
466,2016-04-24,EGG-CHI,69,18,1151.31
467,2016-04-24,EGG-MUT,71,1,210.72
468,2016-04-25,FRU-ORG,60,58,1727.57
469,2016-04-26,FRU-FRE,63,100,1672.31
470,2016-04-28,BAK-CAK,71,1,84.55
471,2016-04-28,BAK-BRE,65,68,800.18
472,2016-04-28,EGG-FIS,80,9,867.81
473,2016-05-01,EGG-CHI,70,16,1023.39
474,2016-05-01,EGG-MUT,72,4,842.88
475,2016-05-03,EGG-EGG,35,37,681.01
476,2016-05-04,BAK-CAK,72,6,507.28
477,2016-05-04,EGG-FIS,81,5,482.12
478,2016-05-06,FRU-FRE,64,72,1204.06
479,2016-05-06,BAK-BRE,66,68,800.18
480,2016-05-08,EGG-CHI,71,8,511.69
481,2016-05-08,EGG-MUT,73,4,842.88
482,2016-05-09,FRU-ORG,62,44,1310.57
483,2016-05-09,EGG-FIS,82,4,385.69
484,2016-05-14,BAK-BRE,67,3,35.30
485,2016-05-15,FRU-FRE,65,21,351.18
486,2016-05-15,BAK-CAK,74,1,84.55
487,2016-05-15,EGG-FIS,83,9,867.81
488,2016-05-15,EGG-MUT,74,1,210.72
489,2016-05-18,EGG-CHI,73,12,767.54
490,2016-05-18,FRU-ORG,63,84,2501.99
491,2016-05-20,BAK-CAK,75,9,760.92
492,2016-05-20,BAK-BRE,68,43,506.00
493,2016-05-21,FRU-FRE,66,30,501.69
494,2016-05-21,EGG-FIS,84,6,578.54
495,2016-05-21,EGG-MUT,75,3,632.16
496,2016-05-25,EGG-CHI,74,11,703.58
497,2016-05-25,EGG-EGG,37,74,1362.03
498,2016-05-28,FRU-ORG,64,40,1191.42
499,2016-05-28,EGG-MUT,76,4,842.88
500,2016-05-30,FRU-FRE,67,23,384.63
501,2016-06-01,BAK-CAK,77,11,930.01
502,2016-06-01,EGG-CHI,75,10,639.62
503,2016-06-01,EGG-FIS,86,7,674.96
504,2016-06-04,EGG-MUT,77,4,842.88
505,2016-06-07,BAK-BRE,71,78,917.86
506,2016-06-07,FRU-ORG,65,38,1131.85
507,2016-06-07,EGG-FIS,87,6,578.54
508,2016-06-08,BAK-CAK,78,11,930.01
509,2016-06-08,EGG-CHI,76,10,639.62
510,2016-06-09,FRU-FRE,69,81,1354.57
511,2016-06-13,EGG-FIS,88,2,192.85
512,2016-06-15,BAK-CAK,79,11,930.01
513,2016-06-15,EGG-CHI,77,11,703.58
514,2016-06-15,BAK-BRE,72,83,976.69
515,2016-06-16,FRU-ORG,67,15,446.78
516,2016-06-16,EGG-EGG,38,9,165.65
517,2016-06-16,EGG-MUT,79,5,1053.61
518,2016-06-18,FRU-FRE,70,84,1404.74
519,2016-06-18,EGG-FIS,89,5,482.12
520,2016-06-22,BAK-CAK,80,9,760.92
521,2016-06-22,EGG-CHI,78,10,639.62
522,2016-06-22,EGG-EGG,39,31,570.58
523,2016-06-23,BAK-BRE,73,83,976.69
524,2016-06-23,EGG-MUT,80,5,1053.61
525,2016-06-25,EGG-FIS,90,7,674.96
526,2016-06-28,FRU-FRE,71,94,1571.97
527,2016-06-28,FRU-ORG,69,75,2233.92
528,2016-06-29,BAK-CAK,81,12,1014.56
529,2016-06-29,EGG-CHI,79,7,447.73
530,2016-07-02,BAK-BRE,74,33,388.32
531,2016-07-02,EGG-FIS,91,10,964.23
532,2016-07-02,EGG-MUT,81,5,1053.61
533,2016-07-05,EGG-CHI,80,3,191.88
534,2016-07-06,BAK-CAK,82,6,507.28
535,2016-07-06,BAK-BRE,75,4,47.07
536,2016-07-08,FRU-FRE,72,70,1170.61
537,2016-07-08,FRU-ORG,70,33,982.93
538,2016-07-08,EGG-FIS,92,8,771.39
539,2016-07-08,FOO-ATT,16,115,1250.58
540,2016-07-09,EGG-MUT,82,2,421.44
541,2016-07-12,BAK-BRE,76,45,529.53
542,2016-07-13,BAK-CAK,83,3,253.64
543,2016-07-14,EGG-FIS,93,9,867.81
544,2016-07-14,EGG-EGG,40,92,1693.33
545,2016-07-16,EGG-MUT,83,2,421.44
546,2016-07-17,FRU-FRE,73,28,468.25
547,2016-07-17,BAK-BRE,77,4,47.07
548,2016-07-18,EGG-CHI,82,4,255.85
549,2016-07-18,FRU-ORG,72,33,982.93
550,2016-07-20,EGG-FIS,94,10,964.23
551,2016-07-23,EGG-MUT,84,4,842.88
552,2016-07-24,EGG-CHI,83,10,639.62
553,2016-07-24,BAK-BRE,78,56,658.97
554,2016-07-25,FRU-FRE,74,55,919.77
555,2016-07-25,BAK-CAK,85,9,760.92
556,2016-07-26,EGG-FIS,95,5,482.12
557,2016-07-27,FRU-ORG,73,43,1280.78
558,2016-07-30,EGG-MUT,85,4,842.88
559,2016-07-31,EGG-CHI,84,14,895.46
560,2016-07-31,EGG-FIS,96,3,289.27
561,2016-08-02,BAK-BRE,79,72,847.25
562,2016-08-03,FRU-FRE,75,111,1856.26
563,2016-08-05,FRU-ORG,74,63,1876.49
564,2016-08-05,EGG-EGG,41,50,920.29
565,2016-08-06,EGG-FIS,97,8,771.39
566,2016-08-06,EGG-MUT,86,4,842.88
567,2016-08-07,BAK-CAK,87,4,338.19
568,2016-08-07,EGG-CHI,85,3,191.88
569,2016-08-10,BAK-BRE,80,72,847.25
570,2016-08-12,EGG-FIS,98,2,192.85
571,2016-08-13,EGG-MUT,87,3,632.16
572,2016-08-15,FRU-ORG,75,32,953.14
573,2016-08-17,FRU-FRE,77,33,551.86
574,2016-08-17,EGG-FIS,99,8,771.39
575,2016-08-21,BAK-CAK,89,9,760.92
576,2016-08-21,EGG-CHI,87,22,1407.15
577,2016-08-21,BAK-BRE,81,23,270.65
578,2016-08-21,EGG-MUT,88,1,210.72
579,2016-08-21,FOO-ATT,17,161,1750.82
580,2016-08-22,FRU-FRE,78,127,2123.83
581,2016-08-23,EGG-FIS,100,10,964.23
582,2016-08-25,BAK-BRE,82,5,58.84
583,2016-08-25,FRU-ORG,77,34,1012.71
584,2016-08-28,BAK-CAK,90,13,1099.11
585,2016-08-28,EGG-CHI,88,22,1407.15
586,2016-08-28,EGG-MUT,89,5,1053.61
587,2016-08-29,EGG-FIS,101,10,964.23
588,2016-08-31,FRU-FRE,79,50,836.15
589,2016-08-31,BAK-BRE,83,40,470.70
590,2016-09-01,FRU-ORG,78,28,834.00
591,2016-09-04,BAK-CAK,91,13,1099.11
592,2016-09-04,EGG-CHI,89,13,831.50
593,2016-09-04,EGG-FIS,102,10,964.23
594,2016-09-04,EGG-MUT,90,4,842.88
595,2016-09-06,FRU-FRE,80,71,1187.34
596,2016-09-08,BAK-BRE,84,54,635.44
597,2016-09-08,EGG-EGG,44,24,441.74
598,2016-09-10,EGG-CHI,90,2,127.92
599,2016-09-10,FRU-ORG,79,52,1548.85
600,2016-09-10,EGG-FIS,103,9,867.81
601,2016-09-11,BAK-CAK,92,13,1099.11
602,2016-09-11,EGG-MUT,91,4,842.88
603,2016-09-15,EGG-CHI,91,15,959.42
604,2016-09-15,EGG-EGG,45,16,294.49
605,2016-09-16,EGG-FIS,104,7,674.96
606,2016-09-18,BAK-CAK,93,11,930.01
607,2016-09-18,EGG-MUT,92,3,632.16
608,2016-09-21,BAK-BRE,86,86,1011.99
609,2016-09-21,EGG-FIS,105,7,674.96
610,2016-09-22,EGG-CHI,92,18,1151.31
611,2016-09-25,BAK-CAK,94,2,169.09
612,2016-09-25,EGG-MUT,93,4,842.88
613,2016-09-26,FRU-FRE,83,83,1388.01
614,2016-09-27,EGG-FIS,106,10,964.23
615,2016-10-01,BAK-CAK,95,7,591.83
616,2016-10-01,EGG-CHI,93,20,1279.23
617,2016-10-01,BAK-BRE,87,34,400.09
618,2016-10-01,FRU-ORG,82,9,268.07
619,2016-10-02,EGG-MUT,94,4,842.88
620,2016-10-03,FRU-FRE,84,17,284.29
621,2016-10-03,EGG-FIS,107,9,867.81
622,2016-10-04,BAK-BRE,88,50,588.37
623,2016-10-05,FRU-ORG,83,74,2204.14
624,2016-10-07,FOO-ATT,18,39,424.11
625,2016-10-08,BAK-CAK,96,10,845.47
626,2016-10-08,EGG-CHI,94,23,1471.12
627,2016-10-09,EGG-FIS,108,4,385.69
628,2016-10-09,EGG-EGG,47,44,809.85
629,2016-10-09,EGG-MUT,95,5,1053.61
630,2016-10-12,FRU-FRE,85,94,1571.97
631,2016-10-12,BAK-BRE,89,84,988.46
632,2016-10-15,BAK-CAK,97,4,338.19
633,2016-10-15,EGG-CHI,95,23,1471.12
634,2016-10-15,EGG-FIS,109,5,482.12
635,2016-10-16,EGG-MUT,96,2,421.44
636,2016-10-19,FRU-ORG,85,33,982.93
637,2016-10-20,BAK-CAK,98,8,676.37
638,2016-10-20,BAK-BRE,90,66,776.65
639,2016-10-22,FRU-FRE,86,87,1454.91
640,2016-10-22,EGG-CHI,96,20,1279.23
641,2016-10-22,EGG-FIS,110,6,578.54
642,2016-10-22,EGG-MUT,97,2,421.44
643,2016-10-28,BAK-CAK,99,12,1014.56
644,2016-10-28,BAK-BRE,91,44,517.76
645,2016-10-28,FRU-ORG,86,39,1161.64
646,2016-10-28,EGG-FIS,112,6,578.54
647,2016-10-29,EGG-CHI,97,19,1215.27
648,2016-10-29,EGG-MUT,98,4,842.88
649,2016-10-30,FOO-ATT,19,82,891.72
650,2016-10-31,FRU-FRE,87,68,1137.17
651,2016-11-04,BAK-CAK,100,12,1014.56
652,2016-11-04,BAK-BRE,92,18,211.81
653,2016-11-04,FRU-ORG,87,23,685.07
654,2016-11-04,EGG-FIS,113,9,867.81
655,2016-11-05,EGG-CHI,98,17,1087.35
656,2016-11-05,EGG-MUT,99,4,842.88
657,2016-11-09,FRU-FRE,88,7,117.06
658,2016-11-10,EGG-FIS,114,2,192.85
659,2016-11-11,BAK-CAK,101,12,1014.56
660,2016-11-12,EGG-CHI,99,14,895.46
661,2016-11-12,BAK-BRE,93,21,247.12
662,2016-11-12,EGG-MUT,100,4,842.88
663,2016-11-13,FRU-ORG,88,24,714.85
664,2016-11-14,EGG-EGG,51,25,460.14
665,2016-11-15,EGG-FIS,115,8,771.39
666,2016-11-17,BAK-BRE,94,40,470.70
667,2016-11-19,BAK-CAK,102,10,845.47
668,2016-11-19,EGG-CHI,100,12,767.54
669,2016-11-19,EGG-MUT,101,4,842.88
670,2016-11-21,EGG-FIS,116,8,771.39
671,2016-11-25,BAK-BRE,95,91,1070.83
672,2016-11-26,EGG-CHI,101,12,767.54
673,2016-11-27,EGG-FIS,117,5,482.12
674,2016-11-28,BAK-CAK,104,4,338.19
675,2016-11-29,FRU-ORG,90,5,148.93
676,2016-12-01,EGG-MUT,103,2,421.44
677,2016-12-03,EGG-CHI,102,11,703.58
678,2016-12-03,BAK-BRE,96,71,835.48
679,2016-12-03,EGG-FIS,118,1,96.42
680,2016-12-04,BAK-CAK,105,7,591.83
681,2016-12-06,FRU-ORG,91,54,1608.42
682,2016-12-07,FRU-FRE,93,41,685.65
683,2016-12-09,EGG-FIS,119,7,674.96
684,2016-12-11,BAK-BRE,97,43,506.00
685,2016-12-13,EGG-MUT,105,2,421.44
686,2016-12-15,EGG-FIS,120,6,578.54
687,2016-12-16,EGG-CHI,104,8,511.69
688,2016-12-17,BAK-CAK,107,8,676.37
689,2016-12-17,BAK-BRE,98,21,247.12
690,2016-12-19,FRU-FRE,95,71,1187.34
691,2016-12-19,FRU-ORG,93,38,1131.85
692,2016-12-20,EGG-MUT,106,3,632.16
693,2016-12-22,BAK-CAK,108,5,422.73
694,2016-12-25,BAK-BRE,99,65,764.88
695,2016-12-26,FRU-ORG,94,16,476.57
696,2016-12-26,EGG-FIS,122,10,964.23
697,2016-12-27,EGG-MUT,107,2,421.44
698,2016-12-29,BAK-CAK,109,14,1183.65
699,2016-12-31,EGG-CHI,107,22,1407.15
700,2017-01-02,BAK-BRE,100,74,870.79
701,2017-01-02,EGG-FIS,123,16,1542.77
702,2017-01-02,EGG-MUT,108,1,210.72
703,2017-01-05,FRU-FRE,98,214,3578.74
704,2017-01-05,BAK-CAK,110,11,930.01
705,2017-01-05,FRU-ORG,96,113,3365.77
706,2017-01-07,EGG-CHI,108,12,767.54
707,2017-01-08,EGG-FIS,124,5,482.12
708,2017-01-09,EGG-EGG,57,2,36.81
709,2017-01-09,EGG-MUT,109,2,421.44
710,2017-01-10,BAK-BRE,101,9,105.91
711,2017-01-12,BAK-CAK,111,12,1014.56
712,2017-01-12,EGG-CHI,109,5,319.81
713,2017-01-14,FRU-FRE,99,153,2558.63
714,2017-01-14,FRU-ORG,97,22,655.28
715,2017-01-14,EGG-FIS,125,4,385.69
716,2017-01-16,EGG-MUT,110,3,632.16
717,2017-01-17,BAK-BRE,102,82,964.93
718,2017-01-17,FOO-ATT,22,25,271.87
719,2017-01-21,BAK-CAK,112,6,507.28
720,2017-01-21,EGG-CHI,110,16,1023.39
721,2017-01-21,FRU-ORG,98,70,2084.99
722,2017-01-21,EGG-FIS,126,7,674.96
723,2017-01-23,FRU-FRE,100,117,1956.60
724,2017-01-23,EGG-MUT,111,5,1053.61
725,2017-01-25,BAK-BRE,103,80,941.39
726,2017-01-28,EGG-CHI,111,16,1023.39
727,2017-01-28,EGG-FIS,127,7,674.96
728,2017-01-30,BAK-CAK,114,11,930.01
729,2017-01-30,FRU-ORG,99,69,2055.21
730,2017-01-30,EGG-MUT,112,5,1053.61
731,2017-02-01,FRU-FRE,101,38,635.48
732,2017-02-02,BAK-BRE,104,31,364.79
733,2017-02-04,EGG-CHI,112,14,895.46
734,2017-02-04,EGG-FIS,128,7,674.96
735,2017-02-04,EGG-EGG,59,65,1196.37
736,2017-02-06,BAK-CAK,115,11,930.01
737,2017-02-06,EGG-MUT,113,3,632.16
738,2017-02-08,FRU-FRE,102,59,986.66
739,2017-02-08,FRU-ORG,100,60,1787.14
740,2017-02-12,EGG-CHI,113,6,383.77
741,2017-02-13,BAK-CAK,116,2,169.09
742,2017-02-13,EGG-EGG,60,36,662.61
743,2017-02-14,FRU-FRE,103,131,2190.72
744,2017-02-15,BAK-BRE,106,39,458.93
745,2017-02-15,EGG-FIS,130,9,867.81
746,2017-02-16,EGG-MUT,115,7,1475.05
747,2017-02-19,BAK-CAK,117,16,1352.75
748,2017-02-19,EGG-CHI,114,7,447.73
749,2017-02-19,FRU-ORG,101,11,327.64
750,2017-02-20,BAK-BRE,107,49,576.60
751,2017-02-21,EGG-FIS,131,9,867.81
752,2017-02-23,FRU-FRE,104,144,2408.12
753,2017-02-23,FRU-ORG,102,38,1131.85
754,2017-02-23,EGG-MUT,116,7,1475.05
755,2017-02-23,FOO-ATT,23,6,65.25
756,2017-02-27,BAK-CAK,118,13,1099.11
757,2017-02-27,EGG-CHI,115,13,831.50
758,2017-02-27,EGG-FIS,132,9,867.81
759,2017-02-27,EGG-EGG,61,85,1564.49
760,2017-02-28,BAK-BRE,108,75,882.55
761,2017-03-02,EGG-MUT,117,6,1264.33
762,2017-03-04,FRU-FRE,105,105,1755.92
763,2017-03-05,EGG-FIS,133,8,771.39
764,2017-03-06,BAK-CAK,119,12,1014.56
765,2017-03-06,EGG-CHI,116,13,831.50
766,2017-03-08,BAK-BRE,109,85,1000.23
767,2017-03-09,EGG-MUT,118,6,1264.33
768,2017-03-11,EGG-FIS,134,8,771.39
769,2017-03-12,FRU-ORG,104,55,1638.21
770,2017-03-13,FRU-FRE,106,60,1003.38
771,2017-03-13,BAK-CAK,120,2,169.09
772,2017-03-17,BAK-BRE,110,69,811.95
773,2017-03-17,EGG-FIS,135,8,771.39
774,2017-03-17,EGG-MUT,119,6,1264.33
775,2017-03-18,FRU-FRE,107,7,117.06
776,2017-03-18,EGG-CHI,118,13,831.50
777,2017-03-19,BAK-CAK,121,13,1099.11
778,2017-03-24,EGG-FIS,136,2,192.85
779,2017-03-24,EGG-MUT,120,4,842.88
780,2017-03-25,EGG-CHI,119,12,767.54
781,2017-03-25,BAK-BRE,111,38,447.16
782,2017-03-26,BAK-CAK,122,11,930.01
783,2017-03-26,FRU-ORG,106,52,1548.85
784,2017-03-27,FRU-FRE,108,32,535.14
785,2017-03-28,EGG-FIS,137,6,578.54
786,2017-03-28,FOO-ATT,24,210,2283.67
787,2017-03-31,EGG-MUT,121,4,842.88
788,2017-04-01,EGG-CHI,120,12,767.54
789,2017-04-01,BAK-BRE,112,48,564.83
790,2017-04-02,BAK-CAK,123,8,676.37
791,2017-04-03,EGG-FIS,138,8,771.39
792,2017-04-04,FRU-FRE,109,86,1438.18
793,2017-04-04,FRU-ORG,107,58,1727.57
794,2017-04-07,EGG-MUT,122,4,842.88
795,2017-04-08,EGG-CHI,121,2,127.92
796,2017-04-09,BAK-CAK,124,5,422.73
797,2017-04-09,BAK-BRE,113,2,23.53
798,2017-04-09,EGG-FIS,139,8,771.39
799,2017-04-13,FRU-ORG,108,17,506.36
800,2017-04-14,EGG-CHI,122,13,831.50
801,2017-04-14,EGG-MUT,123,4,842.88
802,2017-04-15,BAK-CAK,125,5,422.73
803,2017-04-15,EGG-FIS,140,7,674.96
804,2017-04-19,BAK-BRE,115,118,1388.55
805,2017-04-21,EGG-CHI,123,5,319.81
806,2017-04-21,FRU-ORG,109,28,834.00
807,2017-04-21,EGG-FIS,141,7,674.96
808,2017-04-21,EGG-MUT,124,4,842.88
809,2017-04-22,BAK-CAK,126,9,760.92
810,2017-04-23,FRU-FRE,112,59,986.66
811,2017-04-26,EGG-CHI,124,7,447.73
812,2017-04-28,BAK-BRE,116,79,929.62
813,2017-04-28,EGG-FIS,142,17,1639.20
814,2017-04-28,EGG-EGG,66,48,883.48
815,2017-04-28,EGG-MUT,125,4,842.88
816,2017-04-30,BAK-CAK,127,4,338.19
817,2017-05-01,FRU-ORG,111,27,804.21
818,2017-05-03,EGG-CHI,125,3,191.88
819,2017-05-03,BAK-BRE,117,9,105.91
820,2017-05-04,EGG-FIS,143,12,1157.08
821,2017-05-05,EGG-MUT,126,4,842.88
822,2017-05-08,FRU-FRE,114,13,217.40
823,2017-05-09,EGG-CHI,126,11,703.58
824,2017-05-11,BAK-CAK,129,6,507.28
825,2017-05-11,EGG-FIS,144,3,289.27
826,2017-05-12,EGG-MUT,127,1,210.72
827,2017-05-14,FOO-ATT,25,64,695.98
828,2017-05-15,EGG-FIS,145,8,771.39
829,2017-05-16,EGG-CHI,127,20,1279.23
830,2017-05-16,BAK-BRE,119,53,623.67
831,2017-05-18,BAK-CAK,130,6,507.28
832,2017-05-18,FRU-ORG,113,68,2025.42
833,2017-05-20,FRU-FRE,116,42,702.37
834,2017-05-21,EGG-FIS,146,5,482.12
835,2017-05-23,EGG-CHI,128,20,1279.23
836,2017-05-23,EGG-MUT,129,4,842.88
837,2017-05-24,BAK-BRE,120,94,1106.13
838,2017-05-25,BAK-CAK,131,6,507.28
839,2017-05-26,EGG-FIS,147,6,578.54
840,2017-05-27,FRU-ORG,114,20,595.71
841,2017-05-28,FRU-FRE,117,108,1806.09
842,2017-05-30,EGG-CHI,129,15,959.42
843,2017-05-30,EGG-MUT,130,3,632.16
844,2017-06-02,BAK-CAK,132,6,507.28
845,2017-06-02,EGG-FIS,148,14,1349.93
846,2017-06-04,FRU-ORG,115,26,774.43
847,2017-06-06,FRU-FRE,118,15,250.85
848,2017-06-06,EGG-CHI,130,19,1215.27
849,2017-06-06,EGG-MUT,131,4,842.88
850,2017-06-08,BAK-BRE,122,12,141.21
851,2017-06-08,EGG-FIS,149,14,1349.93
852,2017-06-09,BAK-CAK,133,6,507.28
853,2017-06-12,FRU-FRE,119,76,1270.95
854,2017-06-12,FRU-ORG,116,35,1042.50
855,2017-06-13,EGG-CHI,131,21,1343.19
856,2017-06-13,EGG-MUT,132,4,842.88
857,2017-06-14,BAK-BRE,123,40,470.70
858,2017-06-14,EGG-FIS,150,11,1060.66
859,2017-06-16,BAK-CAK,134,7,591.83
860,2017-06-19,EGG-EGG,71,16,294.49
861,2017-06-20,EGG-CHI,132,12,767.54
862,2017-06-20,EGG-FIS,151,11,1060.66
863,2017-06-20,EGG-MUT,133,4,842.88
864,2017-06-21,BAK-BRE,124,5,58.84
865,2017-06-21,FRU-ORG,117,22,655.28
866,2017-06-23,BAK-CAK,135,8,676.37
867,2017-06-25,EGG-CHI,133,8,511.69
868,2017-06-26,FRU-FRE,121,46,769.26
869,2017-06-26,FRU-ORG,118,9,268.07
870,2017-06-26,EGG-FIS,152,10,964.23
871,2017-06-27,EGG-MUT,134,5,1053.61
872,2017-06-28,BAK-BRE,125,56,658.97
873,2017-06-28,EGG-EGG,72,32,588.98
874,2017-06-30,BAK-CAK,136,3,253.64
875,2017-07-02,EGG-CHI,134,12,767.54
876,2017-07-02,FRU-ORG,119,15,446.78
877,2017-07-02,EGG-FIS,153,10,964.23
878,2017-07-04,EGG-MUT,135,5,1053.61
879,2017-07-05,FRU-FRE,122,79,1321.12
880,2017-07-05,BAK-CAK,137,6,507.28
881,2017-07-06,BAK-BRE,126,43,506.00
882,2017-07-08,EGG-FIS,154,10,964.23
883,2017-07-10,FRU-ORG,120,15,446.78
884,2017-07-11,EGG-MUT,136,4,842.88
885,2017-07-14,FRU-FRE,123,15,250.85
886,2017-07-14,BAK-CAK,138,11,930.01
887,2017-07-14,EGG-CHI,136,15,959.42
888,2017-07-14,BAK-BRE,127,8,94.14
889,2017-07-14,EGG-FIS,155,13,1253.50
890,2017-07-18,EGG-MUT,137,4,842.88
891,2017-07-19,BAK-BRE,128,19,223.58
892,2017-07-20,FRU-FRE,124,7,117.06
893,2017-07-20,EGG-FIS,156,12,1157.08
894,2017-07-21,BAK-CAK,139,8,676.37
895,2017-07-21,EGG-CHI,137,16,1023.39
896,2017-07-25,FRU-FRE,125,157,2625.52
897,2017-07-25,BAK-BRE,129,25,294.18
898,2017-07-25,EGG-MUT,138,2,421.44
899,2017-07-28,BAK-CAK,140,14,1183.65
900,2017-07-28,EGG-CHI,138,17,1087.35
901,2017-07-28,EGG-FIS,157,4,385.69
902,2017-07-30,BAK-BRE,130,42,494.23
903,2017-07-31,FRU-ORG,123,69,2055.21
904,2017-07-31,EGG-FIS,158,7,674.96
905,2017-07-31,EGG-MUT,139,2,421.44
906,2017-08-03,FRU-FRE,126,148,2475.01
907,2017-08-04,BAK-CAK,141,7,591.83
908,2017-08-04,EGG-CHI,139,17,1087.35
909,2017-08-05,EGG-EGG,75,45,828.26
910,2017-08-07,BAK-BRE,131,67,788.41
911,2017-08-07,FRU-ORG,124,10,297.86
912,2017-08-07,EGG-FIS,159,11,1060.66
913,2017-08-07,EGG-MUT,140,4,842.88
914,2017-08-11,BAK-CAK,142,6,507.28
915,2017-08-11,EGG-CHI,140,5,319.81
916,2017-08-12,FRU-FRE,127,58,969.94
917,2017-08-12,FRU-ORG,125,27,804.21
918,2017-08-14,EGG-MUT,141,2,421.44
919,2017-08-16,EGG-CHI,141,6,383.77
920,2017-08-18,FRU-FRE,128,34,568.58
921,2017-08-18,BAK-CAK,143,8,676.37
922,2017-08-18,FRU-ORG,126,18,536.14
923,2017-08-18,EGG-FIS,161,11,1060.66
924,2017-08-20,EGG-MUT,142,1,210.72
925,2017-08-23,FRU-FRE,129,68,1137.17
926,2017-08-23,EGG-CHI,142,11,703.58
927,2017-08-26,BAK-CAK,144,7,591.83
928,2017-08-26,EGG-FIS,162,11,1060.66
929,2017-08-27,BAK-BRE,134,60,706.04
930,2017-08-27,FRU-ORG,127,6,178.71
931,2017-08-30,EGG-CHI,143,11,703.58
932,2017-09-01,FRU-FRE,130,32,535.14
933,2017-09-01,EGG-FIS,163,8,771.39
934,2017-09-02,BAK-CAK,145,8,676.37
935,2017-09-02,EGG-MUT,144,4,842.88
936,2017-09-04,BAK-BRE,135,53,623.67
937,2017-09-04,FRU-ORG,128,29,863.78
938,2017-09-06,EGG-CHI,144,2,127.92
939,2017-09-07,EGG-FIS,164,6,578.54
940,2017-09-08,FRU-FRE,131,68,1137.17
941,2017-09-09,BAK-CAK,146,8,676.37
942,2017-09-09,EGG-MUT,145,2,421.44
943,2017-09-12,EGG-CHI,145,10,639.62
944,2017-09-12,BAK-BRE,136,71,835.48
945,2017-09-12,FRU-ORG,129,48,1429.71
946,2017-09-13,EGG-FIS,165,8,771.39
947,2017-09-13,FOO-ATT,30,27,293.62
948,2017-09-14,EGG-EGG,79,104,1914.20
949,2017-09-16,BAK-CAK,147,9,760.92
950,2017-09-16,EGG-MUT,147,2,421.44
951,2017-09-17,FRU-FRE,132,59,986.66
952,2017-09-19,EGG-CHI,146,9,575.65
953,2017-09-19,EGG-FIS,166,8,771.39
954,2017-09-20,BAK-BRE,137,42,494.23
955,2017-09-23,BAK-CAK,148,6,507.28
956,2017-09-23,EGG-MUT,148,3,632.16
957,2017-09-25,EGG-FIS,167,7,674.96
958,2017-09-27,FRU-ORG,131,22,655.28
959,2017-09-29,EGG-CHI,148,11,703.58
960,2017-09-29,FOO-ATT,31,74,804.72
961,2017-09-30,BAK-CAK,149,7,591.83
962,2017-09-30,EGG-MUT,149,2,421.44
963,2017-10-01,BAK-BRE,139,71,835.48
964,2017-10-01,EGG-FIS,168,8,771.39
965,2017-10-04,FRU-ORG,132,5,148.93
966,2017-10-06,EGG-CHI,149,15,959.42
967,2017-10-07,BAK-CAK,150,10,845.47
968,2017-10-07,EGG-FIS,169,10,964.23
969,2017-10-07,EGG-MUT,150,2,421.44
970,2017-10-09,FRU-FRE,135,98,1638.86
971,2017-10-09,BAK-BRE,140,54,635.44
972,2017-10-13,EGG-CHI,150,13,831.50
973,2017-10-13,EGG-FIS,170,9,867.81
974,2017-10-14,BAK-CAK,151,6,507.28
975,2017-10-18,FRU-FRE,136,78,1304.40
976,2017-10-20,BAK-CAK,152,7,591.83
977,2017-10-20,EGG-CHI,151,12,767.54
978,2017-10-20,FRU-ORG,135,20,595.71
979,2017-10-20,EGG-FIS,171,9,867.81
980,2017-10-20,EGG-MUT,152,5,1053.61
981,2017-10-23,BAK-BRE,142,116,1365.02
982,2017-10-27,FRU-FRE,137,66,1103.72
983,2017-10-27,BAK-CAK,153,13,1099.11
984,2017-10-27,EGG-CHI,152,9,575.65
985,2017-10-27,EGG-FIS,172,10,964.23
986,2017-10-27,EGG-MUT,153,4,842.88
987,2017-10-31,BAK-BRE,143,36,423.63
988,2017-11-02,EGG-FIS,173,8,771.39
989,2017-11-03,BAK-CAK,154,13,1099.11
990,2017-11-03,EGG-CHI,153,9,575.65
991,2017-11-03,EGG-MUT,154,1,210.72
992,2017-11-05,FRU-FRE,138,47,785.98
993,2017-11-05,BAK-BRE,144,51,600.14
994,2017-11-05,FRU-ORG,137,44,1310.57
995,2017-11-08,EGG-FIS,174,13,1253.50
996,2017-11-08,EGG-EGG,83,40,736.23
997,2017-11-08,EGG-MUT,155,4,842.88
998,2017-11-10,BAK-CAK,155,12,1014.56
999,2017-11-10,EGG-CHI,154,1,63.96
1000,2017-11-11,FRU-FRE,139,49,819.43
1001,2017-11-11,FOO-ATT,32,19,206.62
1002,2017-11-12,FRU-ORG,138,5,148.93
1003,2017-11-13,BAK-BRE,145,41,482.46
1004,2017-11-14,EGG-FIS,175,11,1060.66
1005,2017-11-15,EGG-MUT,156,3,632.16
1006,2017-11-16,EGG-CHI,155,10,639.62
1007,2017-11-17,BAK-CAK,156,8,676.37
1008,2017-11-19,BAK-BRE,146,35,411.86
1009,2017-11-20,EGG-FIS,176,4,385.69
1010,2017-11-21,EGG-MUT,157,1,210.72
1011,2017-11-23,EGG-CHI,156,12,767.54
1012,2017-11-24,BAK-CAK,157,8,676.37
1013,2017-11-26,EGG-MUT,158,3,632.16
1014,2017-11-27,FRU-FRE,141,138,2307.78
1015,2017-11-30,EGG-CHI,157,8,511.69
1016,2017-11-30,EGG-FIS,178,8,771.39
1017,2017-12-02,BAK-CAK,158,8,676.37
1018,2017-12-02,BAK-BRE,148,111,1306.18
1019,2017-12-02,EGG-EGG,85,12,220.87
1020,2017-12-03,FRU-ORG,141,86,2561.56
1021,2017-12-03,EGG-MUT,159,4,842.88
1022,2017-12-05,EGG-CHI,158,9,575.65
1023,2017-12-06,FRU-FRE,142,100,1672.31
1024,2017-12-06,EGG-FIS,179,1,96.42
1025,2017-12-09,BAK-CAK,159,10,845.47
1026,2017-12-11,BAK-BRE,149,18,211.81
1027,2017-12-11,EGG-FIS,180,9,867.81
1028,2017-12-11,EGG-MUT,160,5,1053.61
1029,2017-12-12,EGG-CHI,159,15,959.42
1030,2017-12-12,FRU-ORG,142,30,893.57
1031,2017-12-15,FRU-FRE,143,33,551.86
1032,2017-12-16,BAK-CAK,160,6,507.28
1033,2017-12-17,EGG-FIS,181,11,1060.66
1034,2017-12-18,FRU-ORG,143,35,1042.50
1035,2017-12-18,EGG-MUT,161,5,1053.61
1036,2017-12-19,EGG-CHI,160,3,191.88
1037,2017-12-23,BAK-BRE,151,87,1023.76
1038,2017-12-23,EGG-FIS,182,11,1060.66
1039,2017-12-24,EGG-CHI,161,5,319.81
1040,2017-12-25,EGG-MUT,162,4,842.88
1041,2017-12-27,FRU-FRE,145,102,1705.75
1042,2017-12-27,FRU-ORG,144,21,625.50
1043,2017-12-29,EGG-FIS,183,11,1060.66
1044,2017-12-31,EGG-CHI,162,14,895.46
1045,2017-12-31,BAK-BRE,152,24,282.42
1046,2018-01-01,BAK-CAK,163,7,591.83
1047,2018-01-01,EGG-MUT,163,2,421.44
1048,2018-01-04,EGG-FIS,184,11,1060.66
1049,2018-01-05,FRU-FRE,146,10,167.23
1050,2018-01-07,EGG-CHI,163,13,831.50
1051,2018-01-07,BAK-BRE,153,23,270.65
1052,2018-01-07,FRU-ORG,146,18,536.14
1053,2018-01-08,BAK-CAK,164,8,676.37
1054,2018-01-10,FRU-FRE,147,8,133.78
1055,2018-01-10,EGG-FIS,185,11,1060.66
1056,2018-01-11,EGG-MUT,165,5,1053.61
1057,2018-01-15,BAK-CAK,165,1,84.55
1058,2018-01-15,FRU-ORG,147,16,476.57
1059,2018-01-16,EGG-FIS,186,11,1060.66
1060,2018-01-19,FRU-FRE,148,70,1170.61
1061,2018-01-19,EGG-CHI,165,20,1279.23
1062,2018-01-19,EGG-MUT,166,4,842.88
1063,2018-01-20,BAK-BRE,155,146,1718.04
1064,2018-01-21,BAK-CAK,166,8,676.37
1065,2018-01-22,EGG-FIS,187,4,385.69
1066,2018-01-26,EGG-CHI,166,20,1279.23
1067,2018-01-26,EGG-MUT,167,5,1053.61
1068,2018-01-27,EGG-FIS,188,3,289.27
1069,2018-01-27,FOO-ATT,35,22,239.24
1070,2018-01-28,FRU-FRE,149,166,2776.03
1071,2018-01-28,BAK-CAK,167,9,760.92
1072,2018-01-28,BAK-BRE,156,141,1659.20
1073,2018-01-28,FRU-ORG,149,59,1757.35
1074,2018-01-30,EGG-EGG,90,15,276.09
1075,2018-02-02,EGG-CHI,167,18,1151.31
1076,2018-02-02,EGG-FIS,189,8,771.39
1077,2018-02-02,EGG-MUT,168,3,632.16
1078,2018-02-04,BAK-CAK,168,8,676.37
1079,2018-02-05,BAK-BRE,157,79,929.62
1080,2018-02-05,EGG-EGG,91,34,625.80
1081,2018-02-06,FRU-FRE,150,142,2374.68
1082,2018-02-06,FRU-ORG,150,22,655.28
1083,2018-02-09,EGG-CHI,168,13,831.50
1084,2018-02-09,EGG-FIS,190,8,771.39
1085,2018-02-09,EGG-MUT,169,3,632.16
1086,2018-02-11,BAK-CAK,169,1,84.55
1087,2018-02-16,EGG-CHI,169,9,575.65
1088,2018-02-16,EGG-FIS,191,9,867.81
1089,2018-02-16,EGG-MUT,170,5,1053.61
1090,2018-02-17,BAK-CAK,170,8,676.37
1091,2018-02-18,BAK-BRE,159,64,753.11
1092,2018-02-18,FRU-ORG,152,93,2770.06
1093,2018-02-20,FRU-FRE,152,88,1471.63
1094,2018-02-23,EGG-CHI,170,15,959.42
1095,2018-02-23,EGG-FIS,192,8,771.39
1096,2018-02-23,EGG-MUT,171,4,842.88
1097,2018-02-24,BAK-CAK,171,12,1014.56
1098,2018-02-26,FRU-FRE,153,71,1187.34
1099,2018-02-26,BAK-BRE,160,34,400.09
1100,2018-02-28,FRU-ORG,153,102,3038.13
1101,2018-02-28,EGG-FIS,193,6,578.54
1102,2018-03-02,EGG-CHI,171,11,703.58
1103,2018-03-02,EGG-MUT,172,3,632.16
1104,2018-03-03,BAK-CAK,172,4,338.19
1105,2018-03-03,EGG-EGG,93,67,1233.19
1106,2018-03-05,BAK-BRE,161,28,329.49
1107,2018-03-06,EGG-FIS,194,14,1349.93
1108,2018-03-07,FRU-FRE,154,20,334.46
1109,2018-03-09,BAK-CAK,173,8,676.37
1110,2018-03-09,FRU-ORG,154,23,685.07
1111,2018-03-12,EGG-FIS,195,2,192.85
1112,2018-03-14,EGG-CHI,173,7,447.73
1113,2018-03-14,EGG-MUT,174,2,421.44
1114,2018-03-16,BAK-CAK,174,12,1014.56
1115,2018-03-17,EGG-FIS,196,11,1060.66
1116,2018-03-19,BAK-BRE,163,27,317.72
1117,2018-03-19,FRU-ORG,156,39,1161.64
1118,2018-03-23,BAK-CAK,175,12,1014.56
1119,2018-03-23,EGG-FIS,197,16,1542.77
1120,2018-03-24,EGG-MUT,176,4,842.88
1121,2018-03-25,FRU-FRE,157,111,1856.26
1122,2018-03-25,EGG-CHI,175,11,703.58
1123,2018-03-25,BAK-BRE,164,58,682.51
1124,2018-03-29,EGG-FIS,198,13,1253.50
1125,2018-03-30,BAK-CAK,176,9,760.92
1126,2018-03-30,EGG-MUT,177,1,210.72
1127,2018-04-02,EGG-CHI,176,11,703.58
1128,2018-04-02,BAK-BRE,165,20,235.35
1129,2018-04-02,FRU-ORG,158,21,625.50
1130,2018-04-03,FRU-FRE,158,47,785.98
1131,2018-04-04,EGG-FIS,199,8,771.39
1132,2018-04-06,BAK-CAK,177,2,169.09
1133,2018-04-06,EGG-MUT,178,1,210.72
1134,2018-04-08,BAK-BRE,166,53,623.67
1135,2018-04-09,EGG-CHI,177,13,831.50
1136,2018-04-09,FRU-ORG,159,16,476.57
1137,2018-04-09,EGG-FIS,200,1,96.42
1138,2018-04-12,BAK-CAK,178,2,169.09
1139,2018-04-12,EGG-MUT,179,4,842.88
1140,2018-04-14,BAK-BRE,167,21,247.12
1141,2018-04-15,EGG-FIS,201,8,771.39
1142,2018-04-16,EGG-CHI,178,12,767.54
1143,2018-04-20,BAK-CAK,179,6,507.28
1144,2018-04-20,BAK-BRE,168,97,1141.44
1145,2018-04-20,EGG-MUT,180,5,1053.61
1146,2018-04-21,FRU-FRE,161,86,1438.18
1147,2018-04-21,FRU-ORG,161,51,1519.07
1148,2018-04-21,EGG-FIS,202,9,867.81
1149,2018-04-22,EGG-EGG,99,25,460.14
1150,2018-04-23,EGG-CHI,179,12,767.54
1151,2018-04-27,BAK-CAK,180,7,591.83
1152,2018-04-27,EGG-FIS,203,9,867.81
1153,2018-04-27,EGG-MUT,181,4,842.88
1154,2018-04-28,BAK-BRE,169,110,1294.41
1155,2018-04-30,FRU-FRE,162,11,183.95
1156,2018-04-30,EGG-CHI,180,12,767.54
1157,2018-04-30,FRU-ORG,162,8,238.28
1158,2018-05-03,EGG-FIS,204,10,964.23
1159,2018-05-05,EGG-MUT,182,4,842.88
1160,2018-05-06,BAK-BRE,170,90,1059.06
1161,2018-05-06,FRU-ORG,163,58,1727.57
1162,2018-05-07,EGG-CHI,181,12,767.54
1163,2018-05-09,EGG-FIS,205,8,771.39
1164,2018-05-10,BAK-CAK,182,13,1099.11
1165,2018-05-11,FRU-FRE,164,131,2190.72
1166,2018-05-14,BAK-BRE,171,57,670.74
1167,2018-05-15,FRU-ORG,164,1,29.79
1168,2018-05-15,EGG-FIS,206,8,771.39
1169,2018-05-18,BAK-CAK,183,14,1183.65
1170,2018-05-18,EGG-MUT,184,5,1053.61
1171,2018-05-19,EGG-CHI,183,10,639.62
1172,2018-05-20,FRU-FRE,165,89,1488.35
1173,2018-05-21,EGG-FIS,207,8,771.39
1174,2018-05-23,FRU-ORG,165,28,834.00
1175,2018-05-25,BAK-CAK,184,7,591.83
1176,2018-05-25,EGG-MUT,185,3,632.16
1177,2018-05-26,EGG-CHI,184,11,703.58
1178,2018-05-26,BAK-BRE,173,88,1035.53
1179,2018-05-27,EGG-FIS,208,8,771.39
1180,2018-05-28,FRU-ORG,166,25,744.64
1181,2018-05-29,FRU-FRE,166,148,2475.01
1182,2018-05-30,BAK-CAK,185,8,676.37
1183,2018-06-01,EGG-CHI,185,4,255.85
1184,2018-06-01,EGG-MUT,187,3,632.16
1185,2018-06-02,EGG-FIS,209,9,867.81
1186,2018-06-03,BAK-BRE,174,67,788.41
1187,2018-06-03,EGG-EGG,102,11,202.46
1188,2018-06-05,FRU-ORG,167,9,268.07
1189,2018-06-07,FRU-FRE,167,71,1187.34
1190,2018-06-08,EGG-CHI,186,4,255.85
1191,2018-06-08,EGG-FIS,210,9,867.81
1192,2018-06-08,EGG-MUT,188,2,421.44
1193,2018-06-10,EGG-EGG,103,14,257.68
1194,2018-06-11,BAK-BRE,175,65,764.88
1195,2018-06-13,EGG-CHI,187,8,511.69
1196,2018-06-15,EGG-FIS,211,7,674.96
1197,2018-06-15,EGG-MUT,189,2,421.44
1198,2018-06-19,BAK-BRE,176,142,1670.97
1199,2018-06-19,EGG-FIS,212,1,96.42
1200,2018-06-20,EGG-CHI,188,10,639.62
1201,2018-06-20,FRU-ORG,169,60,1787.14
1202,2018-06-22,BAK-CAK,189,4,338.19
1203,2018-06-22,EGG-MUT,190,3,632.16
1204,2018-06-25,EGG-FIS,213,4,385.69
1205,2018-06-27,BAK-CAK,190,5,422.73
1206,2018-06-27,EGG-CHI,189,3,191.88
1207,2018-06-27,BAK-BRE,177,10,117.67
1208,2018-06-29,FRU-FRE,170,157,2625.52
1209,2018-06-29,EGG-MUT,192,3,632.16
1210,2018-06-30,EGG-FIS,214,2,192.85
1211,2018-07-03,EGG-CHI,190,6,383.77
1212,2018-07-03,BAK-BRE,178,20,235.35
1213,2018-07-04,BAK-CAK,191,9,760.92
1214,2018-07-05,FRU-ORG,171,58,1727.57
1215,2018-07-05,EGG-FIS,215,6,578.54
1216,2018-07-07,EGG-MUT,193,3,632.16
1217,2018-07-08,FRU-FRE,171,123,2056.94
1218,2018-07-08,EGG-CHI,191,5,319.81
1219,2018-07-09,EGG-EGG,105,128,2355.94
1220,2018-07-11,EGG-FIS,216,7,674.96
1221,2018-07-14,FRU-ORG,172,41,1221.21
1222,2018-07-14,EGG-MUT,194,3,632.16
1223,2018-07-15,EGG-CHI,192,13,831.50
1224,2018-07-16,BAK-CAK,193,12,1014.56
1225,2018-07-17,FRU-FRE,172,134,2240.89
1226,2018-07-17,EGG-FIS,217,8,771.39
1227,2018-07-21,BAK-BRE,181,40,470.70
1228,2018-07-21,EGG-MUT,195,3,632.16
1229,2018-07-22,EGG-CHI,193,9,575.65
1230,2018-07-23,BAK-CAK,194,7,591.83
1231,2018-07-23,FRU-ORG,173,31,923.35
1232,2018-07-23,EGG-FIS,218,16,1542.77
1233,2018-07-26,FRU-FRE,173,69,1153.89
1234,2018-07-28,BAK-CAK,195,4,338.19
1235,2018-07-28,EGG-CHI,194,1,63.96
1236,2018-07-28,BAK-BRE,182,5,58.84
1237,2018-07-28,EGG-MUT,196,2,421.44
1238,2018-07-29,EGG-FIS,219,11,1060.66
1239,2018-07-31,EGG-EGG,106,28,515.36
1240,2018-08-03,BAK-BRE,183,77,906.09
1241,2018-08-04,FRU-FRE,174,63,1053.55
1242,2018-08-04,BAK-CAK,196,11,930.01
1243,2018-08-04,EGG-CHI,195,8,511.69
1244,2018-08-04,EGG-FIS,220,10,964.23
1245,2018-08-04,EGG-MUT,198,2,421.44
1246,2018-08-10,EGG-FIS,221,6,578.54
1247,2018-08-11,BAK-CAK,197,12,1014.56
1248,2018-08-11,EGG-CHI,196,8,511.69
1249,2018-08-11,BAK-BRE,184,3,35.30
1250,2018-08-12,FRU-ORG,176,45,1340.35
1251,2018-08-15,EGG-FIS,222,3,289.27
1252,2018-08-16,EGG-MUT,200,3,632.16
1253,2018-08-17,BAK-BRE,185,42,494.23
1254,2018-08-18,FRU-FRE,176,39,652.20
1255,2018-08-18,BAK-CAK,198,6,507.28
1256,2018-08-18,EGG-CHI,197,3,191.88
1257,2018-08-21,FRU-ORG,177,91,2710.49
1258,2018-08-21,EGG-FIS,223,5,482.12
1259,2018-08-23,EGG-MUT,201,1,210.72
1260,2018-08-24,BAK-CAK,199,4,338.19
1261,2018-08-24,EGG-CHI,198,6,383.77
1262,2018-08-25,BAK-BRE,186,99,1164.97
1263,2018-08-26,FRU-FRE,177,59,986.66
1264,2018-08-26,EGG-FIS,224,6,578.54
1265,2018-08-28,EGG-MUT,202,1,210.72
1266,2018-08-31,BAK-CAK,200,3,253.64
1267,2018-08-31,EGG-CHI,199,11,703.58
1268,2018-08-31,FRU-ORG,178,35,1042.50
1269,2018-09-01,EGG-FIS,225,11,1060.66
1270,2018-09-02,BAK-BRE,187,45,529.53
1271,2018-09-03,EGG-MUT,203,3,632.16
1272,2018-09-04,FRU-FRE,178,37,618.75
1273,2018-09-07,EGG-CHI,200,13,831.50
1274,2018-09-07,EGG-FIS,226,9,867.81
1275,2018-09-09,FRU-FRE,179,10,167.23
1276,2018-09-09,BAK-BRE,188,3,35.30
1277,2018-09-09,FRU-ORG,180,2,59.57
1278,2018-09-09,EGG-EGG,110,25,460.14
1279,2018-09-11,BAK-CAK,202,10,845.47
1280,2018-09-13,EGG-FIS,227,9,867.81
1281,2018-09-14,EGG-CHI,201,12,767.54
1282,2018-09-14,BAK-BRE,189,74,870.79
1283,2018-09-16,FRU-FRE,180,42,702.37
1284,2018-09-16,BAK-CAK,203,5,422.73
1285,2018-09-19,EGG-FIS,228,2,192.85
1286,2018-09-21,FRU-FRE,181,48,802.71
1287,2018-09-21,EGG-CHI,202,8,511.69
1288,2018-09-21,FRU-ORG,182,28,834.00
1289,2018-09-22,EGG-MUT,206,4,842.88
1290,2018-09-23,BAK-CAK,204,14,1183.65
1291,2018-09-24,EGG-FIS,229,12,1157.08
1292,2018-09-28,EGG-CHI,203,9,575.65
1293,2018-09-28,BAK-BRE,191,104,1223.81
1294,2018-09-30,FRU-FRE,182,15,250.85
1295,2018-09-30,BAK-CAK,205,13,1099.11
1296,2018-09-30,EGG-FIS,230,6,578.54
1297,2018-10-03,EGG-CHI,204,3,191.88
1298,2018-10-03,EGG-MUT,208,4,842.88
1299,2018-10-06,BAK-BRE,192,75,882.55
1300,2018-10-06,EGG-FIS,231,10,964.23
1301,2018-10-07,BAK-CAK,206,13,1099.11
1302,2018-10-07,FRU-ORG,185,49,1459.49
1303,2018-10-10,EGG-CHI,205,4,255.85
1304,2018-10-10,EGG-MUT,209,4,842.88
1305,2018-10-12,FRU-FRE,184,24,401.35
1306,2018-10-12,EGG-FIS,232,9,867.81
1307,2018-10-14,BAK-CAK,207,4,338.19
1308,2018-10-16,EGG-CHI,206,9,575.65
1309,2018-10-17,EGG-FIS,233,6,578.54
1310,2018-10-17,EGG-EGG,114,41,754.64
1311,2018-10-17,EGG-MUT,210,4,842.88
1312,2018-10-19,FRU-FRE,185,151,2525.18
1313,2018-10-19,BAK-BRE,194,110,1294.41
1314,2018-10-23,EGG-CHI,207,7,447.73
1315,2018-10-23,EGG-FIS,234,15,1446.35
1316,2018-10-27,BAK-BRE,195,25,294.18
1317,2018-10-28,FRU-FRE,186,89,1488.35
1318,2018-10-28,FRU-ORG,188,55,1638.21
1319,2018-10-29,EGG-CHI,208,7,447.73
1320,2018-10-29,EGG-FIS,235,11,1060.66
1321,2018-10-30,BAK-CAK,210,14,1183.65
1322,2018-10-30,EGG-MUT,212,4,842.88
1323,2018-11-03,BAK-BRE,196,68,800.18
1324,2018-11-04,EGG-FIS,236,11,1060.66
1325,2018-11-05,FRU-ORG,189,6,178.71
1326,2018-11-06,BAK-CAK,211,12,1014.56
1327,2018-11-06,EGG-MUT,213,4,842.88
1328,2018-11-11,EGG-CHI,210,3,191.88
1329,2018-11-11,BAK-BRE,197,33,388.32
1330,2018-11-11,EGG-FIS,237,9,867.81
1331,2018-11-13,FRU-FRE,188,113,1889.71
1332,2018-11-13,BAK-CAK,212,9,760.92
1333,2018-11-13,EGG-MUT,214,1,210.72
1334,2018-11-14,FRU-ORG,190,58,1727.57
1335,2018-11-17,BAK-BRE,198,47,553.07
1336,2018-11-17,EGG-FIS,238,7,674.96
1337,2018-11-17,EGG-EGG,117,120,2208.69
1338,2018-11-18,EGG-CHI,211,11,703.58
1339,2018-11-20,BAK-CAK,213,4,338.19
1340,2018-11-23,EGG-FIS,239,8,771.39
1341,2018-11-24,BAK-BRE,199,31,364.79
1342,2018-11-25,EGG-CHI,212,3,191.88
1343,2018-11-25,EGG-MUT,217,3,632.16
1344,2018-11-26,FRU-ORG,192,54,1608.42
1345,2018-11-29,EGG-FIS,240,7,674.96
1346,2018-12-01,EGG-CHI,213,2,127.92
1347,2018-12-03,FRU-FRE,191,96,1605.41
1348,2018-12-03,BAK-BRE,200,97,1141.44
1349,2018-12-04,EGG-FIS,241,6,578.54
1350,2018-12-07,EGG-MUT,220,3,632.16
1351,2018-12-10,EGG-FIS,242,13,1253.50
1352,2018-12-11,BAK-BRE,201,78,917.86
1353,2018-12-13,FRU-FRE,192,40,668.92
1354,2018-12-13,BAK-CAK,217,8,676.37
1355,2018-12-13,EGG-CHI,215,12,767.54
1356,2018-12-14,EGG-MUT,221,3,632.16
1357,2018-12-16,EGG-FIS,243,10,964.23
1358,2018-12-16,EGG-EGG,119,4,73.62
1359,2018-12-17,FRU-ORG,195,95,2829.63
1360,2018-12-18,BAK-BRE,202,14,164.74
1361,2018-12-20,FRU-FRE,193,18,301.02
1362,2018-12-20,BAK-CAK,218,9,760.92
1363,2018-12-21,EGG-MUT,222,4,842.88
1364,2018-12-22,EGG-FIS,244,14,1349.93
1365,2018-12-23,EGG-CHI,217,13,831.50
1366,2018-12-26,FRU-ORG,196,34,1012.71
1367,2018-12-27,BAK-CAK,219,7,591.83
1368,2018-12-28,EGG-FIS,245,12,1157.08
1369,2018-12-28,EGG-MUT,223,4,842.88
1370,2018-12-30,EGG-CHI,218,15,959.42
